-- phpMyAdmin SQL Dump
-- version 5.2.1
-- https://www.phpmyadmin.net/
--
-- Host: 127.0.0.1
-- Waktu pembuatan: 10 Des 2025 pada 13.45
-- Versi server: 10.4.32-MariaDB
-- Versi PHP: 8.2.12

SET SQL_MODE = "NO_AUTO_VALUE_ON_ZERO";
START TRANSACTION;
SET time_zone = "+00:00";


/*!40101 SET @OLD_CHARACTER_SET_CLIENT=@@CHARACTER_SET_CLIENT */;
/*!40101 SET @OLD_CHARACTER_SET_RESULTS=@@CHARACTER_SET_RESULTS */;
/*!40101 SET @OLD_COLLATION_CONNECTION=@@COLLATION_CONNECTION */;
/*!40101 SET NAMES utf8mb4 */;

--
-- Database: `klm4`
--

-- --------------------------------------------------------

--
-- Struktur dari tabel `detail_transaksi`
--

CREATE TABLE `detail_transaksi` (
  `id_detail` int(11) NOT NULL,
  `id_user` int(11) NOT NULL,
  `id_transaksi` int(11) NOT NULL,
  `id_produk` int(11) NOT NULL,
  `jumlah` int(11) NOT NULL,
  `harga_satuan` decimal(10,2) NOT NULL,
  `subtotal` decimal(10,2) NOT NULL
) ENGINE=InnoDB DEFAULT CHARSET=utf8mb4 COLLATE=utf8mb4_general_ci;

--
-- Dumping data untuk tabel `detail_transaksi`
--

INSERT INTO `detail_transaksi` (`id_detail`, `id_user`, `id_transaksi`, `id_produk`, `jumlah`, `harga_satuan`, `subtotal`) VALUES
(5, 0, 4, 66, 2, 4500.00, 9000.00),
(6, 0, 5, 66, 10, 4500.00, 45000.00),
(7, 0, 5, 69, 2, 75000.00, 150000.00);

-- --------------------------------------------------------

--
-- Struktur dari tabel `kategori_produk`
--

CREATE TABLE `kategori_produk` (
  `id_kategori` int(11) NOT NULL,
  `nama_kategori` varchar(100) NOT NULL
) ENGINE=InnoDB DEFAULT CHARSET=utf8mb4 COLLATE=utf8mb4_general_ci;

--
-- Dumping data untuk tabel `kategori_produk`
--

INSERT INTO `kategori_produk` (`id_kategori`, `nama_kategori`) VALUES
(3, 'Makanan Ringan'),
(4, 'Minuman'),
(5, 'Sembako'),
(6, 'Kebutuhan Rumah Tangga'),
(7, 'Perawatan Diri'),
(8, 'Rokok'),
(9, 'Produk Susu'),
(10, 'Frozen Food');

-- --------------------------------------------------------

--
-- Struktur dari tabel `log_stok`
--

CREATE TABLE `log_stok` (
  `id_log` int(11) NOT NULL,
  `id_produk` int(11) NOT NULL,
  `perubahan` int(11) NOT NULL,
  `keterangan` varchar(255) DEFAULT NULL,
  `tanggal` datetime DEFAULT current_timestamp()
) ENGINE=InnoDB DEFAULT CHARSET=utf8mb4 COLLATE=utf8mb4_general_ci;

--
-- Dumping data untuk tabel `log_stok`
--

INSERT INTO `log_stok` (`id_log`, `id_produk`, `perubahan`, `keterangan`, `tanggal`) VALUES
(5, 66, -2, 'Penjualan ID=4', '2025-09-30 15:57:59'),
(6, 66, -10, 'Penjualan ID=5', '2025-10-02 15:04:36'),
(7, 69, -2, 'Penjualan ID=5', '2025-10-02 15:04:36');

-- --------------------------------------------------------

--
-- Struktur dari tabel `produk`
--

CREATE TABLE `produk` (
  `id_produk` int(11) NOT NULL,
  `id_kategori` int(11) DEFAULT NULL,
  `nama_produk` varchar(100) NOT NULL,
  `harga` decimal(10,2) NOT NULL,
  `stok` int(11) NOT NULL,
  `barcode` varchar(50) DEFAULT NULL,
  `created_at` datetime DEFAULT current_timestamp(),
  `id_supplier` int(11) DEFAULT NULL
) ENGINE=InnoDB DEFAULT CHARSET=utf8mb4 COLLATE=utf8mb4_general_ci;

--
-- Dumping data untuk tabel `produk`
--

INSERT INTO `produk` (`id_produk`, `id_kategori`, `nama_produk`, `harga`, `stok`, `barcode`, `created_at`, `id_supplier`) VALUES
(63, 3, 'Indomie Goreng', 3500.00, 200, '089686041705', '2025-09-30 08:10:19', NULL),
(64, 3, 'Chitato Sapi Panggang 68g', 12500.00, 50, '0089686598056', '2025-09-30 08:10:19', NULL),
(65, 3, 'Oreo Vanilla 133g', 8500.00, 80, '8992760221028', '2025-09-30 08:10:19', NULL),
(66, 4, 'Aqua Botol 600ml', 4500.00, 288, '8886008101053', '2025-09-30 08:10:19', NULL),
(67, 4, 'Teh Pucuk Harum 350ml', 5000.00, 150, '8996001600146', '2025-09-30 08:10:19', NULL),
(68, 4, 'Coca Cola 1.5L', 17000.00, 60, '5449000000439', '2025-09-30 08:10:19', NULL),
(69, 5, 'Beras Ramos 5kg', 75000.00, 38, '8994096219571', '2025-09-30 08:10:19', NULL),
(70, 5, 'Minyak Goreng Bimoli 1L', 18000.00, 100, '8992628022156', '2025-09-30 08:10:19', NULL),
(71, 5, 'Gula Pasir Gulaku 1kg', 15500.00, 80, '8995177102058', '2025-09-30 08:10:19', NULL),
(72, 6, 'Sunlight Jeruk Nipis 400ml', 12000.00, 90, '8998866627702', '2025-09-30 08:10:19', NULL),
(73, 6, 'So Klin Pewangi 800ml', 19000.00, 50, '8998866627702', '2025-09-30 08:10:19', NULL),
(74, 7, 'Lifebuoy Body Wash 450ml', 23000.00, 60, '8999999393540', '2025-09-30 08:10:19', NULL),
(75, 7, 'Pantene Shampoo 340ml', 32000.00, 40, '8001841786346', '2025-09-30 08:10:19', NULL),
(76, 7, 'Pepsodent 190g', 12000.00, 100, '8999999706180', '2025-09-30 08:10:19', NULL),
(77, 8, 'Gudang Garam Surya 16', 28000.00, 50, '8998989811026', '2025-09-30 08:10:19', NULL),
(78, 8, 'Marlboro Red 20', 40000.00, 30, '5060592002818', '2025-09-30 08:10:19', NULL),
(79, 9, 'Frisian Flag Susu Kental Manis 370g', 12000.00, 80, '8992753101207', '2025-09-30 08:10:19', NULL),
(80, 9, 'Ultra Milk Full Cream 1L', 21000.00, 50, '8998009010613', '2025-09-30 08:10:19', NULL),
(81, 10, 'Fiesta Chicken Nugget 500g', 50000.00, 25, '8993207212395', '2025-09-30 08:10:19', NULL),
(82, 10, 'Champ Sosis Ayam 24pcs', 28000.00, 40, '8993207110080', '2025-09-30 08:10:19', NULL);

-- --------------------------------------------------------

--
-- Struktur dari tabel `supplier`
--

CREATE TABLE `supplier` (
  `id_supplier` int(11) NOT NULL,
  `nama_supplier` varchar(100) NOT NULL,
  `alamat` varchar(255) DEFAULT NULL,
  `telepon` varchar(20) DEFAULT NULL,
  `email` varchar(100) DEFAULT NULL
) ENGINE=InnoDB DEFAULT CHARSET=utf8mb4 COLLATE=utf8mb4_general_ci;

-- --------------------------------------------------------

--
-- Struktur dari tabel `transaksi`
--

CREATE TABLE `transaksi` (
  `id_transaksi` int(11) NOT NULL,
  `id_user` int(11) NOT NULL,
  `id_pelanggan` int(11) DEFAULT NULL,
  `tanggal` datetime DEFAULT current_timestamp(),
  `metode_bayar` enum('cash','qris','debit','ewallet') NOT NULL,
  `total` decimal(10,2) NOT NULL,
  `bayar` decimal(10,2) NOT NULL,
  `kembalian` decimal(10,2) NOT NULL
) ENGINE=InnoDB DEFAULT CHARSET=utf8mb4 COLLATE=utf8mb4_general_ci;

--
-- Dumping data untuk tabel `transaksi`
--

INSERT INTO `transaksi` (`id_transaksi`, `id_user`, `id_pelanggan`, `tanggal`, `metode_bayar`, `total`, `bayar`, `kembalian`) VALUES
(4, 1, NULL, '2025-09-30 15:57:59', 'cash', 9000.00, 10000.00, 1000.00),
(5, 1, NULL, '2025-10-02 15:04:36', 'cash', 195000.00, 200000.00, 5000.00);

-- --------------------------------------------------------

--
-- Struktur dari tabel `users`
--

CREATE TABLE `users` (
  `id_user` int(11) NOT NULL,
  `nama` varchar(100) NOT NULL,
  `username` varchar(50) NOT NULL,
  `password` varchar(255) NOT NULL,
  `role` enum('admin','kasir') DEFAULT 'kasir',
  `created_at` datetime DEFAULT current_timestamp(),
  `photo` longblob DEFAULT NULL
) ENGINE=InnoDB DEFAULT CHARSET=utf8mb4 COLLATE=utf8mb4_general_ci;

--
-- Dumping data untuk tabel `users`
--

INSERT INTO `users` (`id_user`, `nama`, `username`, `password`, `role`, `created_at`, `photo`) VALUES
(1, 'Zaim El Yafi', 'zaim', 'zaim123', 'kasir', '2025-09-29 14:31:48', 0xffd8ffe000104a46494600010101004800480000ffed003850686f746f73686f7020332e30003842494d04040000000000003842494d0425000000000010d41d8cd98f00b204e9800998ecf8427effdb00430006040506050406060506070706080a100a0a09090a140e0f0c1017141818171416161a1d251f1a1b231c1616202c20232627292a29191f2d302d283025282928ffdb0043010707070a080a130a0a13281a161a2828282828282828282828282828282828282828282828282828282828282828282828282828282828282828282828282828ffc200110802d502e003012200021101031101ffc4001b00000203010101000000000000000000000001020304050607ffc400190101010101010100000000000000000000000102030405ffda000c03010002100310000001f0d7e2965b63b3b1cf7e6f37b3e1eb3c11c7af373874176d9ab670ede6b1fa5f3ba99d4d75e51048300004c434d0c0000001310c10c004d0c000000001672aa65905140056908d028304d3134d6c8a48c09405638b43692756ee2ca3a98f346988130130130131034c04cd9469b2caba5c978d7472e752d50d2f52aecae863719d12e3d9e14fa73e6d1dee6ef38e135acc46ae40430000130000000130000004300004c00013180a02001069a898086000003228936922a481a609a0004c00004d0c00430004c004c969c8ce9433f42ce7cb4e397419666aea709cbd681573dd918696aa94d9979bdaa358e546eab5224a3720000860000026260034098000980000000818000000344950d00002001a09a1ceb60a511a01a6080000010c013103000004c04c0112b6913a5852272aeedc1b3a65f5b970e7af4f9f9fdfe5d39efa38b975cb574f2d53c9eedbacf943b1cad66a56d7aca01013000010c00000004c000000040c004c0006856d00210000d12acc04a80001249488a60c8b04c000001300000010c00000134c0006a549ab62d2996f375b447356a9c65f513f1be83349eccbcfa20db9dbf31ec7c5d9933db4f6e4265c80000000002698980002600260000000005856d000098c4d0763570ba5664c9dfe3ae70708000068645802600218000000260000000262698021d95ba9a7249955853aa59e2ebb35ad6ce7e9136f63c5f425f51bf0743975e7f95d1cb96b8877e026000098026269898008180000000000000000000000000017d01d8e750509900818000860860008060000000980206009a609a18009816d2eb4c21a528d34d45ed4a3760b92c6219d2e9f21d95435b322beaa88d20086000009a1a609800009800860862600000000000000000000000000000980980206000000000268600021898002600086004a21222129d724b74e26bd6c12d398a8d16f0b1d72dbbdf1f97d2cdb60251de62a7100100000000010c0000001300043431300000103000013000000130000004d31310c4c4d03001300004c134c04c4d031304c0000004c00094ea912d71d86e3467c5e9e5eef3ede061f4b863915ebb2ce39d0c355a92a8b123004c430004c13010c000000000004c4c0000000004c04c1300130043000010c00430431304c0004c0000000000430013431310c000edddc3e9c75973f9f5d6e9f2b1d9eb38b4e839d469aa2aa6505a63aeb968195101000000130001301300000004c010c0000000004c043004c001310300001304c00000000000000001300001300000000000004c64f6f38aefe2c3a927ab57a9af39ccf7f9737c965f5fc538d3d39f86f1e7edf3b732a9c3a443482681b43402600000000098000000002600009800000000000000008602180026980000021898000000021802698000262698d811061af24cf63def9d7417dfc3c675b53d1c2ab737cb7234d3e4e945566feb8e4e7f4f8b57cfc7764dcac6ae531880006225d797917fa8bf1d3c9c3d5c23ca9eacb3ca3f5897c99e9b2d9c0876715ce22daf5100821800000021800a494004c1000000001304c000000010c680004d880134c0680001b01a5528a49458ae75cd37f679da89db9344638df93974eacb8bb787a31e6bf577e5c58f43375e39db9595336987d07b9f54be57add626bcee3f5a66f8b8fb417c52f70e3c1e6fa287cd9fb6f2b2f98c1b70eb34d56d5acd04e1722600000034d404000d30402000000982680600002686000c04c5134800352885908acd12224e2458220009250530d3943b5a380d35535237b51c6e1dd86cd67267d79f3ae4d1d5b759a3eafab55aa4895002006c8c592a9138e5f99ea7badff0011f6bacf7be7bf6cf352fcaead79e29ae704400260098022480000000000004c7160000000000000000000000000c6095a18044b95521c64c4388a4a42490e401d0e748f6babcb75d33750e09d1d2b1997eade77d6b49e884bcaf9e767c459dbd9e4247b9d7f3d2bea777c8d6b3f5ae67ce19b71357367bdf07ef4f72a472ebf32f23f62f906b1949b93393828081881886000000c436a93480980c1000980000000009800000003404a2d28d314a3210003027060d58b500898861316dc22753770fa966c8dfec2bd3d90b31d156f9e7cd7856d150b5df9b3c9a20645643af2609242b6c7f41f9f7d2d7d620e3d57c4fed9f25e98e017c32cd4e9a08000002600218034d08600ac146da8004538c888d000a0009b10c103129b21262c54c129444c0524c426a03469a5604292762564413431342483a1f52f9e7d7adbe338e350f13edbe55b9c2a67194d59afcd2a2bb232f47c1d66a8ca3acab213b9b3ea9f2efafb5d442e3d23f30fa77caf79e551af2467a6ea9295380c00043000000013093712dae692a2481481298aa4912ac02719a91921a7220e44b31ec8e5bb6ba51946989898c84a324052013944c002c69a59a4d1c49a43765fadd75b6a79dd909c2327c57e99f2ade6cd79fad8dd5b23573eb8ead46f9f6b85d0b0f31ea79be865f1eae8f7e16fd77e5ff5f25092e5d38de1bb78fae3cde4eff0f2cb569a22985958000003521036920646a44a16ab2a764a5a54909a09240498454a24ac4e69004469277676ba94a98ae02a427612831b8b519292b9a95b06c88b19385a8a9c9d41b69091759ea7e9f8b6674dab259553a6be63e63764b25d3b3abc7bbc9dde84be1f71d1cebc877f85ded73ea717d363af0a698fa3cfe93e8fe33da6752cfa7c99e7bd870bdbef3e37c3fd53e63960cfb7266e78595d4404000698d094010bf3d85f2ae36594384a862a649136822804c2e4466e50237364e8697285d2ba089326a5ac6a90e429b2561296a94958e3645205b9eacb3397332a955d11c2fa2789fb4adf24f3a85a80e475fcbd786e477b9167a8eb70bade2f7746ca359cbe4f4a6795dbd7a758e8bc7d19ae5e0ecf2ecee7acf37e9bd5e48fcf7d3723a63bfd446359fe67f50f016796c7bf1466aaeacac6900000000000002cac2ead21ca013216158d8a421c00b044d249d889091060162a95d5e34ebb8584774632ce5554d4efceb2927acc6446c8cf474f874f353e9f653cdedc777a39619ead5a9ee3d8576e77252709342f17ebbc0ea71f0f47835ea3a1e7bd4f97d32546cc74e3d9d9f39736aeee3969e8f2b91bcf7796b16f9fd1bbbcf975e3e57d179ff65d329a7cb6bc87b0e36e7ccf0f47049929be99611946c04d0000bfa55c67d98c721696b94b6b444a695bb2b58d9009a880804c0b233ae540580980d1294673563868c6a71abb79d721f6b9b8d285a5992a174c128ba754e367677d57783d3647472b96b8d1ba1f47cd57d8fe7ff5bebcdd89e7426c8c4473bc577fceee63e57a0b6cf39eb3c67a2e3d7d6f9abfafc7bf0b91eff9465db5d6767a1e6335cf6be71eb393d39fd3b89e7e5db8facea63d72a619af2eaab53e4dcceff0d30d77525709c4402001bbafe7fab5aede7668e84390052d03400218000000030b2a695a04686129295d90d39d437d1dec6deccf6793b9e7b772bbe76558e3be7655af36f35ce30b168cfd3c5eae2d99bcdd3b1e6bd2791c6ed8cbd47b78fb0ee2974c484e1b41084f915e6e747afde78d5f443e47e97cdf6f9efab3a25cbaeebf94f9f4f57a3ccdd674f99972e745f3e55605b399e9f2fa2fa07cbfd9f5e7e941f3d909c6cf9ff93f6fe2ae71536d111ae510000000621a000000000004d886800180b1188001384d6c893ceabb6332bdf1dd9defaacb63890e9135ca8f4b1a6408eb318b572bd1f17d179bb67bf1f639eb379aebf3b725f5cf03f52f4f272859acc93022d1578feb70373abe9b3ea8c3936e4d3e4dd1c9b78f49eee5f671bb7bcf95cbb77cc5c9de6fc1b3abcf7e4f55f8ece551d5e5f6e15f73ceeff4f9feb3770bbd8d2aeda4f27f3efa3fcd359a299c328c582000000604c6a0a69121886200280026009834d620320039a94d22ff00412f0bb3e9b6e75e7f4f43163796f72c6e39f4e55c1cce9f377cf053a3375e4381674bb9e73a5e4eefd17177f0df9fd191fb387bef65f14ecf5c7d4b3f27b9a474e7b22ca67817815e7f4facf5a3358d55c8ec72b73e51d4e0fbee5d317a2bbcc71efbfcf797f67d39767a066e5db6d73ba5e453bb3e75cce17a7e6f4e5e7dd997d3e5f5df42f8e7d3b79ebd3763cebcf7cc7e85f39d66b8ce39463288294960e688c935946719440808a40200280098c4300108132daecd73fdb7abdd6e3d7648ae36496a9d9238de73df66e5af0f45d5f2df2f074f8dacd396dabae20276597e79e75ddd9c1d1e2eea9337ab8d7189db9cbd3f9613ef5b3e07f4a9af67e2fd8e45f23eeb26d248336be4757cbee7cb7d978bd5cf5eca1e465cbb7aee9f87f652cf934f91de3d37bff8ff00d58bb9fd5c7cbbf369d99b1af37cff004bc3efe6c1ea3ca4bd3e7fba62e2e69ae5788f47c7cb21ae78d609eeab1acf495f4cc90ac6ad823810a924503910938c022a4804d31301899006cedfb1798f67aa58ed96b2e94512b11172645483cff86fab7c9f373f1b6e14a20e1a8a519929c56756caa94b767b2b4aa50974e6d92a87bbe1fbfcebd2b72ce860119064f9ff00d1fe4bd33e6c946e08c8a8fbff0003bf9efbde4b47ae97a175bc9c6bd7559ade5e8cb9b7e6e7d39dcaed7353cc66ec71fd5e495949acf77b7e73d173d5f5668e37b7c9fa8e659e525d8cfa991d940e98c7797091acc5889a884a5198d011052832810128b88069d67ecdba9bedba7e7329ebcf297c7a53cec4f48b3e8cd1029f3cfa1f8a4f0b83a9819c70b236c776194ae68965071473a6dd4ae5a3d21476f6d3cb72edf1fb677dc65b8ccf94e92e5714eaf93f13f41e98f9caf47e735960c41df2bf7d87a1c3af361a2ecd5b32acf4db9b31cbd15737a0635e5f91e9f89e8f3728b2eedc3abd8a6de5bb953d0cde3d9ae95879aeff0028e3d338f6e71b494570b2bd48a946e4131dd4c9a6a20c000101049a9cb4f6b8fed753e81469e7d64737a9bdd92c575e2e82f9ff004dce51db192af15ed7c3a78dc0f3dcd4a22b9c67289304e28b667f7e3d8aee7bae376b963ced1492d39b6d94ab235671bb5e7353c7e9cb2edcbe9fe027ec737e7bddf73c0356ef21eb31b869cf6f3dd944e92fe4f5b886a2b31d7541ae3e8cbc5f473e9c7c86df7597d1e6f9eebdde732f51d3e576b1b865ddc897572b4d167072752ab9c6dd4b5d52874ca8ca3ac802000031305448071064592fa87cbbec95d484ef5f11e9b7f12e75e8e64e5966bfa0713d632543255e0fde787b3e6f666ed33def1bebfc6e3ad72ae5be6c0948bb2cf5be8a073d39b9e7572b39817aa6caf7e6d14a50b0b7c8fb0f0bacf0eab5f6e4af9d8183d66e5afbf9b770ed5e5ec61973ce8db14f432e5e7d3ad8f93e934f37d3dfd4b30db6d1d7943074b1d9caf15efb8f1c1f63e03d1f2df5f8dd6c72d59f4e23042eaa3934efe76f2a047a6042b18488b94a544e5355c671b20a51b06a409a1f778293ec1dff0080dd5f7d97c436afd90f925c7d58f96c8fa81f2dca7d6f27c6b9a9f5bf17e5ad3d272f174b9efd27cf7e95f356a4d2df39264b1f49e7fe99129c76635173a25aab8e84596f2cb58ed728c89fcffe81c9de71e6dbe17a73f61e5e9761dce17bacebb5a6270ed52859664d79f4cb668a27659d25a742138d95557529546703066eaf3ebc3e1f4fe4b9df51d1f07ebe68c3bb3e6e5cbb70461e6f57075c674def309488836034d5b4e549c6c6a2ac6e224920626368a6e2d24260d140840129bb27aac74e2fd07e7fbb1bd3e4a4f788b924108f45eef97d4c5a6e9552cb3eacc4e98c036d1a12013236c2d58f6389e8b53e69e5fef1f21ebcf8a496f3d9f79e33da71e9663d31e7b967d9cdb6ed50b248b9235f4f81d5dcd911d5755b5a550b1567ab466399e3fdbfceee795dde1fa7e7aece5d197975cbcee8f3ae6baee4729eda3529aefaf52b24ac882a6914293488e200c44c20c680c002983052858d0e10ad5e97a09e2e3dbce1ab7ea701fa6dd1e39d908cfd1c7ee759ee2b73e6ebc1d0c111adcab3b86e49cee82d722429a0cfebfca7add4e4fc63ef7f0bebcea837bcfd07abd0c5e7ed5a868cd7c9ec73cbb561df493711cf6726bd94b95d4dc519c12ba67968775673bc27a6a6e7c6eadbc0cdf6f9a0b8f5a28d118af0f46a971e6d998a6b9e7e982118f4c3416322c698124d5b8349465150dbb79f4e4cbd15b8df9c9faaec57cf63eff2eb3e2737a6cdbe7c13d8eb3c3fa9ef4b1d31f98ec7033757a1aba4b45ba374bf3cb7e8fbb78f927d26d24a6abe494f3f6f1c9bcda52fe9557ac2339999b4595ca92cd3e6f85db9fd13e51ecfc774c65f51c1e9cbf45cea7e7ed5695288d73b4e76fe76f228818b3de8d1e83cf75f5364086e662178f3e8c8793ed72bb173caf19ef7cac737bdc2d9cf7adcf273dc967257cebf0eb35d42efcd8849110911167142128b572524942705f59aabd5e4f65964a5a92dbd29f7e1c29e3873e97f3b8b64be837795827a9f3dbb85647a59bd74b9ec9d92dbaf0fa6e9ced4f2ef9e1825cf75d94b1f3355a94c25a12f4dab4a054cb08e5d588f11a3dbf4bbf2f01e7fd0f1fa631f5b97f5fc6abab4d5c3b164a115dd9e62b1e434669b30ca4c7c5ed72ecf55663d7d251ae9b8a79dbfcf591e84c8e760e8569c6f39e8fcce6f6f0740e7be7c2cce43268af79c8a70de4040c009212180224e22db18a3dae9e65dc3d1d3ea717d876e521cfa6337ccfea3f31e7abbabe5f772ebe8bcfae5cbd0ad7b6b9bef544d69cf6efb9d5be475e6b8fd2e2e4118e3442caacb28b3213dd9f58ac8c421756537d3790e7f4bcf57a7e9e1d1bcebf25ecbcd57ccbed3f29fa95cf3ac83e3d2518c882904d53597654883243e7f4721deb617f4c90b28a879bf45e7acecd76512e5af573d386f7e24f31dee63e7bb73dd12985e8e753b72ef304160e2c6800000013001af7adc9e973bf43b613ebcecb6bb56bf11f42f27cf5e6f3fa3b71bf13d7f5955975b4d92df087403b21bc26a9b39b9a1672dd75dd8a36573cb628bb535c88ac9b646b925aed4c8f8ff005be0f59f77ddf9bdbd71f42f05c5f676727dc73aac6b64651e7b7095704921556c8ab3ede61390c8d36d4753a5e7bd0ee433d95ea55c0eef16cead73ae5a706949579fef7113371fb990e76ac3ab1a9c21094cda21662562dc8a9322e7296b2e4545a8a8b5954adb637fd0f87dced9d13aad2eb6ab65b675ce39587d34b37c5cbda465f29b3d0ca5c1d046b2340723a5c1c553a678d4b91d6e247672396a53d1c9ac936d6434674ea344e8b8cdf3efa17cdb59ddd2a7de76e7cad9d4f0f2f7b2d1b337ae87cf6abb6b23642e84e1591c120b2328c2a2dceb9fd4f96d7bcf7a096e53cae9e1b3541296952ad327276e5b99f33b7c28c397a59a5ae54dd9d5174338e8d39f4422c9ca13cd9090d00c4c76d361f48dbcfe877c5d7d374d5b7556459284e594ea993111294643688068e5f3674f2db75ca2ce374611710a35375d4ca276d0add266992a27082ccfa0c7f38fa37cd778f43867caefcf4fa4f27d5b35fb2f967d7396ed68e5d08cd09a890cef9e5b7d768a2c8af26dc2431eae759edd573eb2ac9af3a5528a554db993957d1b6e6ae0f5f995551bb0c62b6ccb9af368aa68a2c8d9002c938b9a9344490a9a40e7067d1fa5cfe8f6c5f7d17cd5d657389b1cb26a431913698da70b06ff00339b538ae75db45eb9afa6695d8afab670256808b6823280e45661f9a7d0be77d317ca0fb7395728a4bebff2afa872e97cb269e7b9a8815ce8335539129e8899616465cf8ba1cf4ab26dc75dfea79af45d30517d36d15d9522c1b39f653ae9b139b9ddb51e4f4b9e4b9fd6e5e467b1e754d73ae920b06824d395b88b24824e0cfa6dd478aedcfa9d9f0fdf97d4eaf25457d075f898c7bb953e1a6be82fca76cea3e69974c4e58795f5b54797aeda39eb4352973b952966bcfa0928c54bb26a111912a2fc06e8d161c7f9efb8f13d79d899d30e0d1d6fa4fce7e8fcba64d2598d26e14f2e98455aac88517e62a85b54b4f3f773d2b236262f5de0bdbf49a20d694d16d294f3f665b2caadc1666bea6992bb1ad9c3ed71213b79f2df9ec81100000043004c06247d2bc47bba7ae7894fbbf352d983dd702a1dcf35a0d7c6d375995d798d1f42f39eb31a6c58d384b298f16d99c55ddc58b86872cdbe639567b2b4ba6455db5cc5cce9632201e6bccf5795db93696b20957a2f7fe23da71e928d39f3ad91c523668e65a752183496e7bb28eab2b973733a5cd4234da62e8e4e6ef3ef544dabcf7e74a33df9ac8e4ba8b215594242faee5e76577495f2babcd5954294001300004d0c0000fa76dc5b3b4d17d1a336db6ab659d95d838596461c3de910b0251a50f9dbf93564a332d945c64e65b573b6c48e6c274ea146162d8083269cc4e8b731e0b34e3df8c5a2c0157adf4de7fd270eb5175d2e67a431cb65c67d3245193565255ceb970e4d58131eda2365bc2ef7393d36af25ea3ac744ea29a2ea6e72d16d162a6cacb616625e7efc7b8c192d71922d4a98000000002600267d1b6e1dddf3a3565d19baaec974ba654592df3aad96728ca0121c4890e768aacb251966db0973a304d3e7a9427541a20caefa6f51101d16e50a2cc89e01c67df9032c480f69ea3ca7ade5d6734e593884dc243528c65a2ca875ca32e0e5f5b8e928c6c2a142ce27bef07e83ae3b5515066b28b2aa2caec842705972f7f30bf4564727465d6608c94a980260818868180007d2b672b677c7474e0d79d6bbb35f9d5b285839a9ca318046235d90b30caaba2724e5b385d8e0656909f3d3adb34553ad6c9c41a4859aec259c6ecf9cb9f32d1df9c8048b11ebfd7f90f5fcba5ce0a6ae957226d30a6da633556d30eab2a969e0f6b93667d9cbea267a6d81cccfaf85d33f41a705dbcdb5c23445445095695e2d79cbf368e7ad3a2a233465195800081a6260086001f47d41e8c69d218d69b426adb032b2c059308600a8039d7024904b8b9c1ce930c5aef0a602d88122808f3016df201bcf200e9ce682c8b03d87af0e5d5c8336530a90019c233d410ab097173c138fd40b16705c1c50e98dbd90de461480152057400f9e10e005004a20180000980002607fffc40032100001030205020504020301010101000001000203041105101221311320142230324106234050243315426043341635ffda0008010100010502050cac842e29ec2dec68b9899b3e9939964efd18cc9f5471e80364c92e352253deb9f5c3953b439361685e502aac51ce06a8f600ed3b439482cefdeea2ae7f01cc5651bf4a15053a54f7dd1ca36dcb18ad60d29ced9edd49ec2dff008e6b9168288c8ae568418a16009a2c8bd38ecfbad5a56c44b15bf687f2414d7a8fcc9ecc82d6894c96ca3787075afaf7bea2d172d281ba961d88b7ecb9fcb63ac9ae043d88e764c71613691ba0ad0e6a6fb1d1d811a45d3e2d49ed2d3fb01f98d72ea796f7cc0410bb0c3235ea3b27b376baee0dd4e2ddc5ca7461c2488b3f623f3ae8641393bcaa09d416d32420add8b6d0f1a50e74072a8a5d3fa86465ca48f4fe986c81d4ac4208009cd20d3cee8cc330903b4b939ae8dc2cf708d3106dc5401d477e9a17dd380b4b1dbf49c2e569b2d7b34ab9bb1f752c69923a330d40906da4c683fc9033692cd8a43e677e6875bd163ac5b25d6ce12b34bbf4232e135d74e6ae107dc1164c934a786c8db398a9ea54453e3d418df2d73b4b644efd3c6eb1eab4295facfe881c884d72b5d16d9324b20dd4a26152c99415058609dae1aec2aa7d72b9dff1cd75b22d4d72bdd398a1f7700905374d9ed1663cb549587a5cff00c834d9729cd57283b2d775a6e18d29e421baf80174ee9ccb7fc78365a8abdfb22758ed62cf31f23032ea38d69b27b6e9edb7fcab0eeedd32ee570052ead73b75a73b4171d48b7fe5637d9451b5ed218e303753678884f84af69e5398ad6ff92a78ba8f31461f05888299c2ae7731aa50574cbd54d3d968b2d93d89cdb7fc8d26903435b2f50351ad5ac8314e1c89d2da8a9d44b91e4bd382215ffe3dafd2a398133ee9ce4c69e992ed51d426471b53cdd3c86c62c03ae98c4e62e3fe4352a7735b23fef48ef348eb313355a3a43334d3bbad30e90e939e233673c829cd56ff0091d4553b75bdd47acb620d8c45e5652304b5946e9db2c151a4436160d2ef691744770ff861db4ced2fa5dc84d371a9ad5aee9d6b4ee1d578b38391694589ccf540ba10b8ae895d22ba6574cae995d32ba6574d6956fd98ed8ce9775ddabc738362c49c147590caa02c2273a59346ed6e3a83624c6ecd8c2a8843539a88f440ba868c94ca76b56808b57482e905d20ba41748274411853a3b273510adfb4b775d40e7eaf10f90b6705ee6dccd25cc37bebddde763ca22e88b761ce8b0ba9aa54b83c5144fa184a761ed4ec3e4b1a1942f053af073af093af0d3a7b1ec405d3ec04bb97228fed2fdcd3bc5204482d898c8dad364fd3131af00cce3d58b55a722f0c5aa27302737b2969e4a9970ec1a2a71c769015b3bab02a4a389caae8a46a91391451fd68f54141fbc0fd69c434c8fd682d564662531badd5319643470ea6bd9e791b64561d42fae9a868e3a48bbc2db2394f8ad2c3241510d53310c35b22a885f0c8723faf09c82b7a41c42b939c14ef994b0be2761b012e965fbc2571958d70a8a820c94546fab9a969e3a687baf9ed9544d1d3c58962d2550217d36d7f5962b46d9a2736c8fec822b96db6ec0afd9754cc6b953bc29d8d91ac95f4ce8fa52b658cc6ff6c50c6669a8e9d94b05c9562ab5cd8a9e2c4aa97f98ab61ff0037536871e7a663ccbb319a472ff2d468e2f4605463b18557532d54997d31edf920118d537464723fb306cae823d872198242825ba64a8b5b2b4b1d14b0c81e2b26bac0293a715ae515f534c4269b176e8eccb580479f8281f33791c83e6fa6b96a3ce2d089a8dd99fd9fce479b647b9936cc9de5691a24366e1f078cade104512b159bc44ffee37701ae6ac3f7485f2ec9a6ce6ab6e3ddf4db4e808ae55633454db228fec4e77cbe3b07631c5858e0e11fdc58252889a3225574a21a569fb6cfec0348a66de768ea4c7731db515f3feed4c417d3cc2da408e58bb6d88d91451fc0011dbf23e3f1aea29b4ac15dae873fa9260201ec8fdd2bb51be97444045588405c223ccde1bb340db04669a047858b79b1028a28fe05d7c3bbeddd6edb2b7aa3bc2f9eec2684d6cec6868478e1639287d730d8309d2e167116733dbf1893441491b76ba3cb7dadf6c7eea0668a3451361379cb914723eb8e4f27b0a1e81ee09c3f16db0eca3a7755545253b2961191550ed114d29967ff00ce08ba8a2a674ca78d347d989a1d363c417c6d2d695e0048a46f48c6153f99d4926a8f2c525e9d33b70e4733ea85f0b9c8fa63b02b64d1beda4dbd2287a37ec02eec1e83c1c28728ac7a6e9d18e64549e57503da1543ecdbda0a71f7f13787d553b6ef6d36a54927f1ea777c7edc3a3d53e78a4bd4a9a784caec460104c4228fac1008b770d56b0fc00e5b14d09e7f06de5eff00a7a8fad3e4395f38fcdaea1a37362e6c77a7c2ce8a37534b2a9980c54f06992a9da9f879d315353091bd67c0c9b7517bb0665eb729e41145bb9d87c1a598e449c9c8a3eac79dec9c7d31d96ec6a90efdbf1db64476056b97727239451be57d1d3b29a043229c6c2b1dd5989d221a51a2588f8389a4300b09a197c3fb636b7a9370e87cc2aa18cb5d117470c64bb0367f20658c4d73430f52402c3108db242e09c9c8a3ea379d5befe85fd0ba072b644ec80251691db6433395d595b2b8b8202277473fa7686cd5f03945620fd3493461ada8f7c1c04d3955ecaac96d3d08bc8e075c5ed9d8268df4cd10185b133020827b83237132cb43174e2520baaa6e899e9c8fae1cb639db2273b7a41cae89c83acdd46d98ced910ac8f011e0ab23902af95240ea89e28c451595b32b1876d547cb50c2e9691daa205310e2570eb34c6f1f6634eb3861cebc2e09c54ce5818fe2858bcb68e862ea4993c2c55969de9c8e47f147e0701bedb5d165959356caeb52bdd5910b4eda092e85c188b4854b1f526aca531bd5d7d3d49d383b4f3893b55556fb1b217a8da237829ae52ca4a7c85aef101c9ce8ee676b994523234e91a9ee521584374d07c563fad5343174e1c8ac659e47a7228fe080adf84d6dd69b229bc6c8e928b05ba45169098e08d91e7225538ba95b78a284ddec06304b1dd7715d36b950513eaaa9add0cb76052bb4c6f25c6a45d4c2cea03f6e9a112aad82663682a1924334718064636a1d48cb781695350af07339f2d3d452b7aa0aa31a696b64e9535045ae4ecc459aa99e9c8a3df0c7d470a4050a50a5a7019d35d24e6e9282d82bfe183641cac837611a360ada834100dda5edcaf95d154cdd9dcc63cd5274c69c9a4858552f86a61dd5ced34c549b9a9679684f9e927e939ec12b67a56eb6452746632b248f156111d5c52bec552b1bd2ae99b02a83f7a0378716937a08ba71764cdd4d9dba1cf45147ba9bddb83ba701a34c6bc8a43e6f54fa202b2670a91bf6ea61059a7cb1f331defdad177c42c0ead31f15ced8272c0a97c456f69e56252dde54d096bb1281b1d140435e153cce8d073653a3caf87539b4ad4ea162d33b152c9351a7d482a42d7aa5c4cc2a5a91355413b241d8ee2bd85b50f4723dd1bb49f122c6ac296a350d6b59f5dc7bad985bda180b9b1c2c6a165369682eb18b4b8c81595bb29db7737da24712366d5bb54a38d249c2a93c1d28ee79b29ddaa5a483ad256b4788c645a06fbe13e540a150f6af1575196bc68da404290b6c5ecd4c7c32aaa8b4985ca094b5d4efea459958c802a1e8a3f967d0085940f1d4ba0e43755726b712b7ba0e1a1d95d154adf2c9b3216fdc79b35e6efb6d80d2f5e7efc424d11dae68e2e9c789b36ab6f5a8d9ef61b269ba2836ebcef51534a9f4f2a34ef4f0c8d47d370ad8b78e4eb32da1ec7ac2e5ec2b1a09e9c8fe80763f641453bd819ba7132a734841a8856472397269db653f346df2d63ad101bac329bc2d1f69523831b5129964a1875b9555ba74fff00c845ab3e18f41ca28ccae680d405d39a40aa9b4a14d71bc649ba99bd29a74d2a925d2e85dad9939637fd4f28fe88676d49911d5d0b208bc3474c9716591164fe5c77c8285b7745ed90ddd0b6ccaf76f18bac3e87c4556571db5d2790734acd112a9178e1759548d3898e1c15043a9363b29ead9049e24b627be59d470ab6d347e71f6cd4b7547c86ec62758e172ea8f27ac5db7a57a3e88fc71d90c7a947104d0dbc8c5a2e9b1009ed4e09e1489c37be74eaf6646353f8154ed52c1ecc127899914eba6c8864fd8557f6d3465d2845385c3f67543b5622c1751d238a859a06215ec81b42f1218e224b5817c5ee1dcb9a08d3a54cde9cb20b10561d3687b4dc27ac5cff0011de8595bf26c9ac2e34d86c8e51e1cf0bfc7f9050bd48c7c6815728bd3ca7a7a7239c46c9cff2d1eee98d93db72d796ad608a5c5a4a65478ad354e4eb59b70155cbd38f55cd0c7a5a8af89f66976aabc32205970c188d53cc66ee76131e9859baabaa642c64d1ce1ec4e6ab2705511eb68dc70617e93874bd4853cef8e49fc73dd6ec1f8f146f9a4a3c11434f0c2b72800172acadb4f40c7a7b5d1393db64f29e9c8e616a54874aa970d374f37ecc3b179a99f4b530d547ce5592f5268985cf68d211478ae769862de58259224e95ef01808653b0185be6aeb852398153621a2b2e9cdd9c114f171531ef27986a583d674e75523c98eff5ad2b4ad0b42d3644e47d2b7ad8750495afa4a58a9a3b2b2b2e4d95959595440da864ad7432136538b27a28e61051bec6792eaf74fed8279207e0b8a495926e9f4f1394503223993be38e11d147b1ebc8bc44c9b55334ff0090a858738be0c6647bb2a481d533c16d278735382e0ced52374970b18c906931287c34d8c42ab6afc4b5590612b4d938d938df3b21d83b2feb5153baaaa29e16c31595959596956edc5a0ead3eb4e7279ed195d5f27f77d28dfbe876c9c7d493073071d982bbf878c11a2c5c6869851c313ba7549c9c1382729d9652b6c49282baa30c259d26aeb393a524d546d7472c378906ad2ac8fa3656f53e9da7d14c10f488baac8fa13bcef2fb91ed19029d91415ae69b0d73d60d0b224077382c4207cbdd4b552d3a92474afc2293434aa87d9d1b9c6309c138291b769729d964e082baa0235f2146dd52d53ecda5d955d274dfa6c1c51289f4cfa5caa7608a2087a457d42cb55c813fb18d6787ecbe6dddd0c01cda7a36409ce5848b77e235d151c5416adc3cf761749e224e44efe9b69e031a61b3ac8105385912a78eea5e241972b0d84b9cef3cd2d9ad8c583fcee6b6c9cf6e99810e71cacac8f70ccfa16ca946aaa082a8af3d48a3ab9e49684b4780b2106211af1d340a09a39d9d9f510d9c13c6de8143db1c2e94d2d108934060738b8c6dbaa1369b274d1b53ab6104d66d89d64d1d348e73dd86b21a3a2c529191317c654f85cf2358c6c31df4b238fcee41090353a4f317eb0b953b3795bb1626355248194b43ecbea96db74ec8b4a747b5435da5dca03d1bf6dd5d5f20af960f1f53116ac42431d2742388e1fd29617470bd54c31979a486ee86760d3a9b4d309e0cfea3f693e579ec1dd4b0ba792189b131813fdac6ea5c079d4ed4e0afb5901bfc6327f8e551b1f3556210c350aaa8a586a7a6f2fa6c22aa734f451501152e7c5105f25391d9b55e6718c964676454a2e1cdf3085cf2da09007ea8cc755a21a53ad1d906a79f3496025dda23d6cb2b2b277e1fd37179dab143a6399fa6ba01d2a41ffd4fdeb672e9846eb4d0688a3c1985987e7f531f2b9d707b3e3b228dd2c9494a2088f288d474d94ae4d09c88c8658d9f215148f89f873a535d8857d3f5bfc833fc75262d0b65922f118c0fba5ceb3f26eef79ddd2b7abd59412246b81455ae22c3ee446d60902c420cb0b1f6ed940ed52c86e4f0dda499b63745c89f5023dd8147d3a00aaa06d4d30735b24d4f056363a27472ba99e5f3618247e21e1d8a9a9df531f1d9f547b0a8a3334870d8218a7674e557dbb308834c4e75830581364c1b486c86e7857d52eabe417fb6367ee1c83887434f354198d4470ac1a1d14f1b342aa8f5b6277964d847c1e30d01cd659ce7b0be8a33710c0e913226c61109ea46dc5545d392864d12a93d9443f8ef08a9b673bccd288f42cacade95169f0a105246c91afc260b8a2aa6af055257f8d2f54f454f0777d4e3f88b0e91d4d29ac3d495fd497b628fab2801a4f99e9ad453dda8b4594ae51355900be3ff004c60dea974a4b45495129a9865a29063721630e1b5a0b4310e7621e06b9377f0d670f64b04be2cf55ae86a594d44d88239729ed455645a996d2a8ea3a8dac3a69606e981e9ca4dc354e2c49fc4c3b129290d2e254b509a6fe8dd4b51144a6c6a8e3588e25fe453a9e182004c8f920d387f76070eaa876d24436b26a99c9adb64d1adf6b6411e3fdb1437ada1a5652d2c38ecf1ba6c7259c4d23a59160b16badb79ed74f7597023f34afc826c7acc51322cca393b74ed8ca2edaa669787e9351375a90eca4453823b2977479f58f7b247b13310ab626e315ad431dac431faa5ff00e82a17ff00a09d1fa82a13f1cac7296beaa54772a279616f140d76bc4a5d141da05cd14029a093de02f895fa030652ec1a3ba8b0ff0011887d48fbbdc6e46456091e8a409c6c9be6322a6dc724e50ecccca28e4402a46d955c5a84cd2c745318df1ca256b959393d1528f4823f8f0b368c6b929e9991b31e9c39ddb8341d4a808ff794e2b420b55c8f3c96479c9bee3c500fe2d5c3256e22e63806e587d11ae51b444c46ee2d16129da9f6a76ec9d740a8df643b0e45109c14aabb48cb0cd5a8a727a3939971a6c6d91eebfe380a48ba5470cbd096a3159de373dd87c3d0a45a7cdffa27baee7b913a5b18b0bf637dc766528d34cf0cb62d5be2a51ed580b9edae450ca72a3f2c77caf942ed4dc8a39944a9c2ae76aa85865b43d14f411baba91bf9e375411756a7103e50b4ddc469283559158743d7ab457fa876f7ba6ee8b83547e74159591c872efea02c31281d3d33b93961b42da7a5453372554fb62b3996cacac99369981ec28abdd69d2aa5d68e862eb4b52cd12e1f26899c9c9c9a1109e2c46e2c8e455d5f3bf75d1f5c05410f461ad7dd3536252c01cea8a38a5a525728858253e8a7b293dc78213caf6b0b34c9131695643b1a3514e3a43b7794d6972a8f72794c16454a36a43fc7ce4759ad6d95349b66e28ee80d9cb169344149174696ba2ba1e5732512309ba39144270b2727144a3ea7c661b75a108895d25a106a7f635b754345653c818d9897981b7706ecd6a93aeca6968dec3e06a0323a6739ec6e8604e6de47a3727932c81ab487268d20e56d864e54c2f5189625e0a7c565d587bc8bf268e9ba9452bb548535a7391b714a068b2772aade6381ad22361d2ec8a72b64f55ff7aa9e369597556dd12d2388911c8e4f29e513f80d813299369d0a60a26749c0b5e19494ef52d04579b0e37661c5ca2c2a25fe32151d3451291da55559c2c75410f4d8d0b4a95a432969c12f65d39bb9e02f990a3239e897942111989b6055914337f1357f82aaaeaf92a6aa79def7d434327a58db2d55306c95c5346f7ec2345534a2327f997cfc4720704e4796f0549b0a41d4af7a7aa8875cf3c4ea7921a9ba7593a45a91289527af7c9ad4d080565145d475553f49b4cebb5c6e6421b1d1ccd1109a32e07691f6151397195c6d414e55935462e616751fc057bb8f1c3b95a405200f31b4431305dcadba3c7caf8938c49daab62a3734f8b12e29b95bde999d2c5785bf51bba28f214cdd43dcdf872b1057c55131b81d9fc0dce554ed31e16cb53393d16ddf8932f1440190c570e696e44a29ff0082d4d432a767499259ec81bd353ccd818f74b32653b82752c9a692a1ec96afcec710151c3d592c8a8d85ca48dae5133431543acd4ee2440a9097a6b6c9ced4e8c6774ee1ad41152f18553b5c2b2822aa81f4324155510c94d28f3c82869a08b6cca72694ee2e5028af9caa46a6537f4bd306e78589bbed42dd11488a01624efb4e8dd188266bdb26e8ec8a2ac8fe0029a56a546cbae500a78a3d323fa9236466a63812f974b6778739d3b8a8237544b144d8d8535b74f982a38b4b7291daa4393d3376dac9ee43723819bf601c727294d8e156661d1c2232d6eff50d3b642c37aaa9f62191ec036722f438ca6500fb4535397c5679a54e4e1bbb89c7566ab60e842ed321e1cad9109e3f003907aa6619e41b641549d34f52dd1246c24c6ed2279ae352a7a67ce6961e8464a7b1faff00d2929ee72a87698fe1dc04e4ce0bb480a31db2700208ac55da2970fd351854426e82c71fa454461b8cd5716450ccabad7645c5c8b6cd19c836a7de2c9c9dc3f7ac28a2a6e2262af77db962d30452ea66653823ebdd345cd1c2218904154b755339bad4948e0ef0f50ba123dd4f403546d006936d8650c5d43c6752fd4e4fe1993513a9dca68d8f63d379479c75ff0063e9d9fa9405e3c54d531c34d4b5326238ae12d8abb14a8f777160458836ca7ec72a077db4eca4e1bbd42394bbaf8a8fb93d77b1ec31063d7211453c775959595bb6c8158543a8e4104155d3185e139dd251d46a5af53751b82aea084bd0000ca67e861c9fc427744a76c226e5f39f2b4e456366effa7e7e8d6d6d71ff00275d5d2561c0289d0c3494428952d5f8e8fbee8ec8ef26451548ed3508e5270cfed1c14e413fca22f34f38d4fad1f6e3b03a11d616b191447aa152c466963686332082088b89689a53a9650991960b26ee9903dea3a66b7b6a5da9e8277b613f709b06addce60b0433be40e4f58a9bd561435625594734f8ad0616ca254d55af11c5e599b8760a34e1cbe5141591e2d6531b066653949709afd6cca5e06cf09c8e5507cb4fb20df3d76e9ed1adc4c6e17b5b5020c685949ea858741d28db9043b2f9e90ac3ba4768667f11ff00f51f3a2d4ccc66e5f0d393b8c40debb02f2d6c2fe806474c63c1e63538dfd4f2d99858b61e3b9c89b290a6e4514e29dc61f266f5f20a3915505462cad613f9aa1e37ab1b446cdd68bae01b1771eab774d410410f56b1c8657417b71002c9ea36d82e50cca6856b394a6c2af7adc37cb475b54eab73657b63fa645ebb1f97ab89510d349da51521d2be46651456be8cff0009c88ba6e6e536ee6b769360dde423cd57c37ca3628a721bb7d58d350410c87a923b5bfe4a704c28c60d44aeb01eef35bcc558a24a2e2b52ba17b6fad4fec94deaa295acc2f2c32bbc0ccf717ba21a63ed29ce4e25e988647276c795502f183a9a9d91c8a794ef3399c54ecd887900dea377b05cb7671cbda4fab1a6a087ad572698f85caba0b8784f1751b6fddf197cdd54bac01bbfb1a2eeba06fda53b9e13382db2e114ee2e85d4cb0f7eaa64514722a42982e55414df61d83b792353ed2f20e47d58935043d01dd33fa92af9413f91c26719129b91c8739571d31c7c7651b75d5a7d9b95f37f1f36b968da4cdc9fc82aabdd853b74514794e3b3f96271f2bf7794ff0068e181547f6b764e08a3eac5c4b33208ce3326b38816d3c95bd3a1657d339475113d037ec1dae176b9a633d855ec9bba19b8a1c2190e6e8ac4b6859c665613be20787ea32dee867226468372913b2727a69530bb685fd3aec8a28a72287121dbe54872e1afde577b6f7051f56358948e92b266fddad6996a7143e22b31864714905247450e04c7c93b9c18227cb2d5e2b572d34d43319692b6a994b151d4b6a9b9c91b646cf1989c0829b915f0ccc9b066e5141142e16a41d758b1fb2de3b307ff00fa1dcd1d8fe4a29e8a286ec9eec7c2fea468a28a723ca94e4787260521b359c3c795bcdd1f55d208e36cc5b5583d33a49a96a1acabc0e2d6e93f918dfd42efb785c5d2a1c6e6222a06c8dc4f1d3fcc757eaa8ab91d8856d3c42183371b3429a0d4771984ddb2f83cb06c10e514762b858cbfcb99cb0317ad455d6a45eb526abed7be4ee4a29e9e6d9315505844b78b228a395f6764e3b0e5553acc6b7697d89db93eab1a2eec3e091ec161fe1da666343198650c9154e2f0cf35550cd54258c3abaa68034e2b8cdce235b07426c0a02d1d9507ca32d21cd92902702c4d1995c9e026f393c2011e31476a9fb700fef2e45c8b95c9565741e56a253727728a77120b88dd74e0a4dd533fa15f914514514514e4d45541bc8029fd96f28f5a341043b9b0c7add490baa2af0d6d44ed68637b2637906432aa75a36f191518450ccabe4e2aacff0027b703e1596956cec98c564ec8a29db029db39aebb5cab5b654b2f56144a7229c9c8e4504f36037942a9e3ff003f9f563410433190f47972086552ed5367f23843b0f3f0ff006cfbd4f1db81ff004a0159695a10620cb6721cca955f79380763b8a86ea660d32f82514e453b7c8e5f13bac205c2a8e7fd4facc2535d64d726b934a087a529b30643271d2d415d38a622be46657c93bd47f45f53fb702fe9b7a2ecca97872e5a3da1dbbb74c7f87ac06e8e45128a39dd4e6ea11b1526ef3c9e7d58cecd41008042e8140a050ef9ca1d95676199518d8a6f63b841563ad0338edc07da3d03c3b32a6e1e82b58bb9276ad0b0e9b5d3dd12ae8a28a3938a76ee6279d827727d68ec859350433b2b2b77129e6ef43395daa5cf928a03b1dedcabdd689bc76e0487a0e451c894e535da41df9622aa37661f2f4e7baba251ed79dbfd9aa73e50149c7acc6b90ba6dd3504321e810b928652bb4b1bd8c4573d9f0f3e574966bfcab1575a31c76e0487a0e4ecca77155c34a61b83b39ca4476753cdd48eeaeae8e653b21c4fb9ff7951f5989a9a82086617c76cdb46076559f26653782876bb82d1d5aad962ae264ec082c046c331d853f23914f551ed6f31f12a29ea4f752120dd5f3f8c8a29bc13791bee939f5bfffc4002411000202010305000301000000000000000001021110203031031221405013415122ffda0008010301013f01523924b088a25f2532ca228431af956291dc7257cc8c84e84c68a287f1e84b162965fa8bd888e5f33c17f3d79f9c9d0fe8d7cbaf9cf08724f81945694ac503b0ec3f19da57c0e083b97922a364df9d158b67733b99dccee1bf85f9197fbcd6a6cbf8b62c2cd9785cfc55a1225a23ce25f0d61e64fc154f30e712f8d15e4ff290fcb3b6d9d387f4643e474e163e9511879b674f9b25065312a191f6a8ad4b47e8e9704bc1ca3b6a2724a292c3f387ebd62ac62142d11e958d6aba3a72f039a1cca1cfb49f52d6161fac8edd37da893ff2342d50644ec4ca689a6c7d3f03f5d0958945165e60ad92f3248eaff07ae245e1d8a449925fb17aea276b2b178e9221e6564fcc893d7d3e049d9e0bc32487eb274298a57863c46548e9f888fcbd8e9b2fc116e52382cab2512685a68af4532c6c7952ff0023ca631661351e4fcf12134df827d4ed744277c9163271cd1da768fd4bd2f29687984bb5927df217817f4449138e1618a2705e6f66f179795a2b55de84ab10625434751142559bf456c2d52e0472511cd32126b911d4686c4c59af4161889d7eb6a7c684b317717124e87d4fe685a1e8ad765965965e227536a5e7315a6f4d89e5fa314274376f6daac476991c3c56c56c254558e358ad99e16d3169637ad74db3f09f8e8703b19d8c8c686244894bf85dec4a449d8b7638b1bd9b3b873f2597948637b5dbfbc455eb7aaf72c94b084378ee2ffb85b52e086d3d0b6dbcc479e36d9dde0bee647d9bd1659dd95b3212f071c0b9d87aefd35b3218886c3d85b2bd29e61edd965965ee4f30f6eb1fbc456e4b31d97f09e571b2fd05eaae3d95e8bd11e369fa2b7e5a171b0b0f7fffc4002711000202010304020203010000000000000001021110203031031221504041041322516132ffda0008010201013f01713814b0c94887a971122c93c213f534288e0761c1627ea508942bc8d0d5099627ea1486ef0d0e38b17ac6460fd679b2bd6c9d23bdf0362f57c8a31438a62f5d59b5eb9d1195faa5e30c506b923fd97427a5ba3bcef3bcef3bc4fd055928f6c2a24bbabcb20bc6aa47623b11d88ec12f45fad68bd4915e96b551587c7a4595864744b8c447e89e1618909f8ccb8c47d3499e5b3847752273fe844f15e3d13c2c4e62ea5929baa44f8a23245a24ec8ab649fc6f3a6cb16b47d9d5e489c33bad9c11936f11f03f8acbb2cee3c0d8864facd3a27f90a2e90a5656843567523e4507f6283c28d91e9d33ec93fac2f80b431ff83b4777810b34e72f0455ce85ae4897f877b45a64290ba84791e17c464a5da87294bc097d1db9ea3a89d2f10723f195bb23a1659258f03444831e5fc3b1c8b5a7f265f4757f8f4d23a0aa0434b7898daa3c9584458862f88d31c4a2c42c7521dd23f23f94e88aa490b0f423a9e5944976a392b116458c5f0ab44a25090b0c974bf9d9159a10f089c1cb83f448945a5e48f4fb9138d704908848bc390e47709656e5e8684b4511cb7a16671b425da8e4631322f0f087315b12dca28ad9a2c6c594355a24ef1243778832c794845efbcd696c7a63c8ce0b259b2511904ced1a1e6f0b6562f53237a1ea8739e07e72d5494851b174f2c7a23a6f5d1451456190cbd70fef327e34d69a1acc7e0c98d58bc2da427789e95aa59b3b85becb3bacb2f6110c4b9db7a5212d6fa891fb45d46290a48ee43961b12231be46ab621122a87ae3aa4b14456cd1da461e0a2b2de147694bc51e093ad6b5347056d5108fde24339c514225b0b11e4ea6f3595b118de64b472255b51e4edf2576a25b0b72cbd09568a3b4edcc9ecc392fc9cf23ff009d88ebacaf80f661c887e49ec2d86b65ec4b6a199ec2d87b2f3450d15868ad98667cecaf80f47d624feb438ec4732e7663f16f53d6b32e7663e8568973b4b7dec3c4b5ad12e75a1e23f265ae3a25cec3c477ff00ffc4003c1000010302030505060700020202030000010002110321101231202241516104133032714042506081912333526272a1b1148205c143d16392f0ffda0008010100063f02d9bed48f8fdf1b7b25b6edf2cc7cbd6d546323e4fbf8528ce323e5696eb874c2c8637f94eeacafaa3994b70944e17f952ca78a872e6a46aa0a8e7b12df94e1d874421415d15d13c1405756f84dbe0d6c6eb794b308d0aba966128947e52872b6986eeb843d4705650b2fca1657c7a2dd52b2ec128fcadaabad1595947cad6505471c215be59be36c2caff2c4b54b94a98b2e4541f960b9da21ddde382e4b70aded7e5682a2564880a47913721de5982cca7e55eab31bacc6ca1a1665057450dbe303e53de59a6cbaafc4b2e50b2bb445c112a38aeaaff2a02e12b339f0d0ba21cd68614cc05946f212c82b3bb451c15be54016e9404201670a66eb25a14117f95a49852a56a86051c262cb4f9464290846ab782bd96e9051521415274562aeade1c052eb2d36345a7c87bae21776ed0714593f556d565e5847157d7c22437234717714334e7e2559bf65bae216a0ae05793fb5f96bf2cafca72de6b87c81753a23c118f3150a789c25aa5f8171da14e93649fe94d78ab53fa1e27963d13cb4c81c38fc81bc8daca49d984d6b519440c72b6cd1e677259298f53cfc52c73f7872534dd994d201aee68b1e208f8fd95f1e414159dda2f4443044adf5641834e27926d3a4d000dad368d4aaecad59298c94ff00dc1c4793dec0feae0797c857d5469841f2ab2ccb33b550d1249b2ca3ea56e8fa95729cf712217e6b9477937e2a777ec8f79481f44ecd44c70bab9734f50bf3784e8a7bc27d0223b3b0b8f372cd59f3ff00ac21561d7020e883b9fc83657d54150e5ba6c80a8a1ba05dfd51bcef2fa2be2ca53adc8414a189c06071af8bb9b6ff0021c394356f3ae8484ca7ee799de8ad8caa8791818b40e6880222c82fae03038d57f036d8a8de4e3f22c1556a0f7adb0f738f04e9c1e533318b4a27fec9d211cd380c0e2f24799db15bd7e46060ddc760531e67144052a10b7ba9fcd153c39a3e88238fd503fa8cec563d7e45bda9b752835a200d80d8f2084ec1a4231a42720bb3d103f723d1b38145386148749b633c9179d4dfe4465266a50a74f41b0e71d004fa8ed49c18d1ab93a237531b940701bc8a60e6e0a901c0220b673330619dd2dba2d3c0a2540d49595c32bd9670c728d5f6f85dd5bda206a54be0d676a764c1873b77001079b6509ee2e224f2550e7bb8595d51fe4aa5fc8d8548804b7242a822edd130a71eb83075d881a32ca1656e9f2177eef253feced060d1a860f7701fda34ea30c3f8854db587e1349b808baf0db2a4fe0d6e89e4f12af68164e682c64ebcd1a7de0ced765c99787ae34e341271738f044f12b314d7fc6afb6194c66714d63045afb249b2aaff00dca107718595a2f09a3a605b1ef4a27904d1aa80b7b54e3974083bac22aa1e4d8c5b487a9c213a47b15be1ff00f29fe6f7769e389b2b60df4c2d801c51eb6550f156128108b6625776345baab3b8e98173b408b8eae32a4ea70e89e3afc26deccda6ce29b4dba34461aec5367d7025a2c86c1cdaf00a1ed96f228f76d0d0b35375fa22d3ee18d87baf7760298f7bfc5d31953cc7c2ce1af850166c2e8056d31efdedfc47e93cb6cf4b2083743cd16b4cb71864a19890e5bf502265a565860ea1650755ae2deb7c1dc85829e27603a343f0edd38c1db85bcae14b0adf32b750a77cbef11c135a380da738f00a5d7250c239224985f837404c3c7987109d51d7419568344f195a2d16ea864fd78204efb3a70c290fda9ee1ae810e5b2f1f5f0e17995ca91edf7c22541db189c6c81708aaf1bdb6eeb8caf5507ca558d90c9af3551951ce707687926977e242df6b9a8358e17c33b20e6e2806b733b881c113903013a054c8bd82a74c7f253c4ec909cd3c3c4babfb74c2cc0633e04b54940620bbcb4f78f81907050993ef2ea20a1387ed520df0bad14c2ddaa63aa218641d4157a7fdaf22c842ef620725ba76aa03ebe1e8b4511ed9bd65a6124ea8c2bedce19278ec0004928023f11d771db94e70c3b3828c68e086c58ade6a969b61a2de202f292165d0f2450eb803b36fd3f07957d319360a069b17d76fd11470ef5de5a7fef80034ef1c3a942a3756dd3888bb6c86c5f45149b6e654e78f45f9cffbade7bbaef2bab2cf4f50a1daa8e58652765a62ff00078c4ceaa03a141d7c10a149471633de373ebb65c782278293c307ce9080704f034cc708c04f95595b0cadf37f8a4dcab2952df2941d8041db0d3f0a870514c5d49f08fdb0030603e5177631b31cf0184270e4aa8fdd8e67fd17250edee810716e49d01d55cc3790430b2e8ada220afeb0cbb0ee9f06bad30b78ad9c0e0f0e700f2762f89f4446b086c4aa87f7a857e184032ee48d48cd5678e83aacd50cbb6a382e854e02ea717dfe0903553ddb8abe46af3dfd16ad950f690ade2127091881e76f22a33647f272b5b0be1add5d66e7b0471d5171d4b917fbda607bb5c4957e78733c9083baadaec7545854603189d4fc0b2526973b9041ddadff00f56afc1a4d6f5e2afb106e391534771dc9657883ec405426a52e33aa0fa4e07ff58baf6080e280d8738f00537d56e1b1504d9415a2b26e5917e0b79ed4d618eea62792ebb399a83c6003fca70b6a130f5dbb7b55b7698f33964a2d8ebc4f8395faf028b1fa8c2469e08dbcf45e5aee88d2aac19809cc30bb02dd17d88e6aa49d6c1485e62bf31cad50af30fb26bcdc91280d06018cfa9e41640672da4eccf044fba7550a421df540d72dc6b9c8372c461a2d0abfb6369378ea7904da74c435be1f78df3b3fc50883ec3da1dc9a06de6e4a8b06b3b43a12bf738d906b4493a2cbff00c87cc55fdfd982a7861ae3bed95b9459f6568fa0575708bd9c3cc3dacd622f53fcf12fa15519c8fb0594d5dd1cb8aaa298e5e057af3bb4dd17ebb47bb220f3599e64aff91506f1f2ff00f780ca333fdd084f9b8ecc1d932b90c022892b337f2dda7b4c0e298c1a34478ad7736ed39c4ef0d3c10dcb2b346f7350154ebb64b8fe2459bc53a9d46ef1738e61b799ff0094dd7af4c2d777008bea7e69fe94a90bae32364bbdd08531a7159429c4b1da1fe9107da290e6f189a5d919de3dbe671f2b53c3fb6642c370c09bde76daee25c079a16e76fae3fec0afc2ed2cac3f7b5476cecce03f5b2e166a4e0e1d36689fa78b0c12a5dbcec3905d147318ef3daac49fa290c3f54e2c7653d1667924f3299df1cd52b5f2caa5568b5cc63e46576ce7a8d2c67f65368d2d0619dde6ff0031be8a1bb5383b9b53aa9d5c763a2d1026e07b451e87360ec9e776e37d4aa3d9f2cd36b4d477ee29a2ad36e760324f42bb396536c39d3a7454c06305c1f2eaacccbfc490bf06b177ecab707ea9dda7b1b7baaf4cfe252e69955ba386c50faf8995bf550dd07f6a4eb874c6ce3f750493eb8fd547338526309cf3af2595c1cfa8d396c53a9b58f7017072f059031d9b4885e4eec7ea7a6d47f74ea7a9acf3fe04eace2ec8ef283c94bb538c60da7f7502ca396cc31a4ade21a9cd41816651c55f55946b8151c47b3d5abcb7461d9c9f28acd94ecde46d2cee401f3967f6e2a8b44436993ffa54c726ca25b51ecfc6eec65fed56924e6a800fb2ed75c9b39e7fab2666f78976c50faf8618cd4a81a95947d76206d353075c3353716bb9854fbba8e0e7bae6754689a95035a67704a3da72ee13a1d553a5ddbdb489bb9ef94fa60cd2cf3d21470056536d89e48c0738fed12803472ce9de383566a9977bf4e31aacd56c3f4a8680d1d30cc3860e77553855772b62429f6661e2f9760fa4ed1dfd2653ff00c98735ecb660776a0eab593972e6694e7b6b900b32011a426bbbe3310fb79bff00a553f15e1ae39b2f00512eed4e63e733434c9055363daea7d91b7ca4ef3fd767b39f5c1ac679895bfbcee69cce5846ce776aff00f14abea76874d81e8a98f5c41698211ee69baa46b09bd9eb07b18d321ae1181a8ef354d3d14f32a46aa38e128a79e39a3d154fd4f264f201003400bda30e4d56fbec1695d141f29c0b97f2338cfb3d1c9e5c831cb51a1c3aa9a59e93b9b1cb73b7d58ea256f7fe42b7d000bf1fb5768a8396685f8549a0f3e3b544f2761de470842a546e66f24e79e27698c1ab8c2c8340d851c0787f443f8e13ddbe3f8a8a742a1ffaa0c2f8a91272bb44d6d5a14aa01fa9651d9fbaad1a34c1fa26b5ba3442185901805def668bead3a155055352853a9e69666fb143fe3570001961bc96f9cc78781085376aaa1e8a98e9b33ecb97cf4bf4f25bb5035dc9d656f0b7ea35bea559e5e7f6854e8b5bddb01997212439dae61c565a613e5bc36dd50e8c1fda2ee431951c71e9b2e4ef408f6ded8dfe0d5bcd0f93c4ac990069d6e517bccb8e01c74a7bd85d405747a5b62cb7401e0cf05213235790df6ddd7b87a156ed153eebf367d42f73ff00d568cfb2f2317e5535f974d58b1be816fd77fdd6f5f031c44232b30b009c7891036801aa6b38f1f551b1270bebcb69eaaf68aa3f0987747ea2831e4fec68ff004a93aec17f179feb19c1cee6ef1a78282987834caccdf8467e1a20d01346501368b386bb5de1f2d3ff007038cb96836c277aa67d7fd5dacb5fbb4ee4bada70525a40d34c48610d73089fe3cd0a6df2b440c3a60533ae1a2d174f15dcbe10c6f1599b0483c5434067552769ad3e6373839d8c78011f55487ed4e2e023893c910cdda2092073eb892dd3210ed984cf4f1ddc707edcfc01bc85ce200507658380b9d82702b4941c411d0f80022d63a0eb0459debb0cacf1f8d52ffc46ccf24dd9ddf271dbb6049e09f50e88851c1db56f80c9f3150ac9ae4da913cc235e88ca46a363bc3abffcc06c9bccf0f0290e646049d02270e43994d6f21b4dfb6c1527caa3c0775b268e26e5481740f2408f824042a55fb2ba9e0ad84222988a46ce30ad70b37746135b064d9068d008c1b813c3097186ff00ab28e3aa81b1ae347eea830b3335faf44451bbab6e3615842002a37b3ea0d79cf0fed38e12762274d8a8e024b4485bc65dc4a69f028d0e664e254703ed17d890ae01fa2334c7d2cb75ce1fdadda83ecbf307d96f54739715bad185cfd9650afae2da77075f559dc2c34db80b2d101d53fa6faa93bf53f51fff00ade01f454ce4cfba6d309b5e3264f28d61763a469361c407b0719d47a2a8c0410d711654d950c309b9e8bb2d3a2e7b8364e53eebb8c286abecf4785070ba38eb7dbad5383065538745fe150ff6b0166668113812e4679cab1838dad8779505f8624d886de1742a0604ec9e5c82e5e8afe0144720020eed3f86c1783e63f442bb1b9036f06fc1752b883a26d1cc6595201184f08d91cc19c34be1d316546fba502343b24acdfa8e6d89e48349567957f69ea8b4e85399c8a2e77d02dffb7257952d592a4a91aabeab3bbca31e9c4f259290bccb5ea38f1c328e380c728c3a78242ab59c7ff90aee81eee1d9b742ad42982f7110ceb2b255058f174013e62bf0e9365b7078ce1a6ddf65c153fe236481c6c9ad1c046c426bf82b6bed3de1fa625ee6dc0d54d5b91a2ea149338661e6512801a200602775a78a018222c7aacced712786011c72f84552ef0c77849fa9521cf8e45d2b346f2a0ebe673bbb4cfe6d47d7c76fa6cd16f376c81c02287b401eef1503179e8a4714ed8d21a80c2091a4a0d9301677698f53ec350cde2ca803a3a98941bda1cd3509896f2c3b208926b842933dda8d6ff887af853b2cf4d9674d992a39a6bb8abea3d98051c762a0e8aeb734522993e8bca47aa06ab847240531f652e205fca9c1b669c27ddd8e836ba6d8d868e6e41847e56efaa6d39be42e46bb8ee0fed5035400ca52f81c155ed2e9966f86e6e29be101b25bc8ec9da637828408e3ecdde1e1a2e9b248fcb3fd619f358eaa9996db4ccb240d66610de338c9b355b6ce1947150a7c2a43d4a0d3e5aa32fd782a8f65da18ea41343806b1be56b554a95db0ea96ca7f4a25a5b03de22f9577a1a5ad9813e11d98fd5b24f0da739018657ab15cd723ec21bc1068dabe8bf0ce5e8bca1c250cec20fa63a7dd4bae766396c3c232a7c468e4d5d9c7ef955994a965e5c0423da3b4d412cbdb46a1d9e993dcf75de4bb532bb5e701833e464716aa7ea7c796ea1348e37d8e9b4706843928385d731ec12ed4f87a0db2766a8e8a06830bf8453fe89d53853a6e72637b4d66b46ac97799552dcae639d9de664129f54fbcd71fa2a1447139caa1fc7d81d48fbb71e9b13b46701834ad242d15fd82069ec41bf5d9fe4d430bf80238e04aa9eabff20fff00f164fba617080c606808b03dc187500aa87953ff00da78e14c645447ec1b73e0d2a9c272bbd0ec5b681c1c700a47d42b7c0cbb65afe430eb8ebb06d80e9819554f52bb43277df51b6e8317bc333e611aa739c779d7298390036e4ae9b4707040fd7c508a2df8147177b1b6fa94e3ccec81ec078e0d1c5bbbe1428c0a281f811770e18dfd827949daa2de6f1809e3e38ebaaacd931235f80e7a86c16ed36e4e457fc87b629bacc1c4f54daee119a2026fe2819b49b2196a34cf5f08acae1b37c2fe23fa376a8fd7fcc29f2133e08d928151fa865f1dc503ec2f6cc80745918d208b7525766ec6db640010382a5d92968dddfaa6b1b25e00fa0e010ed55ff31ad968eaaa5671302dea4a979002a0e15aaf7755ee0d00dc00a98a44447154ead4d5eb3bb5e039a2ea73905afb10e09d9779be14f8157d36a9fd7fcf6038123cc2e135e34709f14af5c6fe366327901c51ac5a334931d50ed0f9c82e0f32abf6979de125a399553b554bb89807fd50e9cb9e3eca8b7acaa40882778a14041ef55261a5bcc1e53643f87d9767c9b9469116405298f2b3d1329b3468d82709658a8758ad7c438724473236a7930fb0c294ea5ef533fd78c319e7e366e2b3b997e9c544594f78724e908060000d02a95bb406e63a415b949ee635baa73fb5f782931ba65556bf764c1cbdd9b085baecb95be4e479270e8210a7c4344faa7d570b3b4d98e78ef095f8663a28758f8cd1d49daac7f6f811e082306fe97ee9f140c7ebed19c31b9b9c215dcd9a811aa6a39b3c2106b44016d9f4d9f5f1be9b55cfa7b0590c27926bc711e24e1087afc009d98e5e293d13fd76aaff002f6329f48f0b8f127160f6f3b25dc94f1f15c9c79ed55fe5ec81dc27c629bede06c86f3f0cf855bd47b207200eadb78bf5f829e5a786713e876ebfd3d90a8e0eb78adf60d7d82761cee5e28e174147311b75be9e3ced83c7c303e00765a399f169fae0c1c86dd7fa78e719c4a23db3ffc4002a10000202020103030403010101000000000001112131411051617120308191a1b1c140d1f0e1f150ffda0008010100013f21281439e11855438a7a22ba09689a16d0e2b12286b9df0f8f1c23cf2f8f27e3d5af4e79d7a1a4d934584f1ae3af0f86cf1cb6dea7c450e6a23763c8ebd080de5c2f6157a2d0c917df0cfa22f0a3e6152c4429299c2c632570d11fc0dfa35ec3e2b9437c4713e8d8f98157a57112638d12c44dd97ceb9a8f6aba2831e8896c7bd900bbe1aa1f084a0e854e4584d47b7c31fbb221fb8c8f5ebd0fd84b87c3e5fafc7bd3c2620a18989c0c5e049a3aa2aee2aec4b702a081a49b22821e459e31f2a1fa97a7e7d73fc09f6248f4cf0a0e81f2b063f8a44b22a76c315e8791e1c96a4539b26c332c16d42b2448c6c086b0327431e0947b031ff157bab3eb5c48b94603e33eadfafa73e7d69f0a04c865a2bcdbc9601906213386ecef82c47a90d94900d8db06a53210111ebdf3a17f1d11caf441e7d141af6bc0bda835e84c627428bac9631a3449d849702df013450749824835d0c85412664e909df240b3ea3eeab96bd3f8f777e9c7ae3947927db61a835ec3f56fdc4c6b684c42285484723c34acc5a2313a40cd4706695143a47e40a4b034a40e021d59b4350318f99f6f7fc0c72b3cb4e83747e89f4657f175c35e9b2270330a4863c233ee31d41aa24ca43e19488968bea75cf5930da5188177b1121092760914431ff19fa526f447a172a98a44a062c89b3ec1f5e75e9d08dfa1713edc6996c2a0dac26a0c91773c70a6a212c2a6e09bc1d3296449de32b8219b8b2660fec6fd2bdd7cc669227d8629a1916874598810fd1f8f617adf0b3ed2193c9f82da50acb24b68b617003566c26563b8cb051244c342e3e909848c250f32904a643ad0dfc27fc58e1a52ac6b19e7ff0082ab895dac1b85f01aa8ef01d57624b7410a0d49e42a6294da12a298a41844c53a29267d97efe1fa35ec2f479fe33fe044b68dcb3d06a120e812501a756438eb1ab5612907aa43b1d365d88be23dadf1bf5eff0098fd1af5335e8fc1d702f42f66509ac68e8d320a66b66e7213c3c125884841c447088da83b8b350db043323635ecbfe033f1eb7fc67e866b8c73bf71b80dce46c10989cb81308992d4b1df3115272356609a124b1e348161a27ddd718f56ff008fafe46caf6a6c4c91315b2149e0914e085d44e12e704f379084e1a40f658441d26387ee6ff951ebf1ed78fe3e04c981382524626a341d01a95137a18593e72302d38863a236086bdad7ae3d6f42bf619ae77fc1d72fd0bd89e52f522456b8cae7d132c90704dd691fd48621f419b0d05d441ea10368a18a76863146bd1ae67dadfad72bd3bf635e9c8fd9dfae7d0bdaf9e164c4d176133d09287c3a9d0125f5dc88b08ba5a4962f305b1ee2a066ec4e81dbd96570891a3f1ecec7fc15ec4f33ff00c673ca17361d324408a85e05eb4de0a090a32041b2404221c89e58f2b2c2c835a978237446c3c11edbfe0bf4e39dfa97a778f75fa97b0b9c0992b74531025630916e1c04a011e7677038b32f1593a22e8314584cd01970378b8f1c1991fa1ff097bbaf635c6bdadfb1d3dc823898145130316d751e9bdcec4dd25214dd71d4777b4d111435169941d0b08b7144ec86085085faa8335fc85e3f87afe51ae238b143e50e855c1c88604c3593c8f01a81256c63a4c98359177168c54bb06352201a823d103f533046611da1a3476cec9db3b5c4d9686dd0a7ae78f11c3f478e5ff0a3dddf29a1730f9110ce8274c5fd0c79bc66ce0ad24c4e44a92515631690bb4c98926968857b1db2c18b1c21bf43da06df0491d0ed217849126523685b47647ad092c0c735c4b0e98f92f6608f52f5f8fe4409704e0a258b248b6923bbcb442f961970412969fe689cf99a1b03ee6cbc0750e214a53e24c20812ae5e45b4a9e1f8753c0002e23ecc4b8f25702925db235d7751ab47dd06a49c9f865cbf221aa26e3e536512fb0a56f01d840591d7b11ce7d2f3fc3d7b2fd0a86c4e87a7333c314a562abbf0475f1d46d5b731519b96a9925097e5b165e88496c9e618114d7086262c62c10c6a879c0df59dd13ab1a55376be8212842492edc3190b6861cfdc69a14f6e4e4a6934396ee6e66842be3748569c34d468b3e19095e87ec79f46bdcf9f4cfaf3cbc0c8c58e9d191a8f4317124491040d432747748534bc8612bee4a775a2a4d94685b0315b12598c2110ff000c5c1da243510c4191f9bd07f653dcdb9cb6ea6b8efc32de068845f0d0ca21130a75dc6e96d87091e934c34f25c957d1e0603d6fdf06b83f7f447b3e7d7b171021fa35e843e4b29c092613c6482288e32351c228668d8326c9ee3695e418d3f23022827b82fa4466e918427b6be9fd44000cf57d58f3cb982fb0e6242f251d512773c089128d3d77d90f533ca9b0fcb1cc0838c3fa0c84927cfb741ced34e557163f63afa73e8d1be35cef9fcf1af53f6559b160d93251906a8495191a2eee13190517077c638326dbb119d865a212e1b181725a466c5a4729909f9c8c51b27712a39cf5d9afb5fe285bff008a23f826658c45892842aca12a0b1314f1b1d42e9b450c446511d08beb458068cd322923ea60449a914afa0cae74ad782214d1d03e1a983915d85b72d50479e6d618bc2286bf8171e9c7b51edac1248c43e1a14958fae10cd8e204e2c3e1ecb5897878eb2052fc8f24e4ab6c6c29c761041af775debabe44f25fa2d2128ae30dd7fa21cba2e6c54e26cc974234b1438ba66d98091ca1547d094f81e0c8a89470c45b22c8a107ce3d886440bb92bd08f3cdfb3e3d6fd4f0213e324359301b96614140d929d0ae9890f892384da743d6474e2b6e8d9654e492c92a4c1cbd13fd024a09125851a12068224ed44877aae82c2f0255de4881330811084841112472dc0ede722c8d76923372343691343c139b2525100aae3108787476ae7df8351e45a13db4e86e797c46cdfa11be1e3d4bd3ae1fb4869f2491b130dcb967589d8ddf3911d39ed8132f1a218d0458b6f1f0859d8e91d022910ec736b3b965fb8951ec5ad053490dd029624f49474692711d743d620a85e052528b4d3309ee441303ea3f63c49237d67f63b04485d89e9f06fd3515e8ec4ccec0dd9ae5607e887ec5ef8468818bd24310c5d07c450e60d0d55a17104fa132c0f652399aa45acf71791b88816470fb1e06a2b852c5b8815497562490b32fe85cf0ea92819b83c3726a65eba245bcf4cf23c252205278464ec8931f10c74f28af238d0ad86143ec2742b92fc1fa17a37ea4b503d110a13e8471a238441e78891aa30121afa0a5729518e20c21f0f8431727c313ebc53447638c06efd19e22b2b51e7b0b7094248c19a86d5a4535d29d396c98635832aeb426e89f616d49b6da269ef63752cf716fd44b3ef0493ec0e4f55fb32fb40b67c16fa12d0d2148e1fe471f70b7b6923b7996b6282f16bda418e1885d4b218248b63a249e09c3686de877c215f0484879e150c532411e978e1e44310c43f42ace0a96c72e16a79a826e7a2ea24e8d9b6fa967c33d11a25c6c62d6990d34acb1ed1bb827ec92dec6b4bbac9fdc83a2d48e5e83fa975edb2304d851f59326fb8a11b52ea647b8d9733023c8c043ba5dda5d2051e4764fb35fc6c5a60af9e2c6bd823c70cdf196045387237931097caee4d0dbe10d7380f2244d907c6090424f02e9c3d95e817ad07cbd49962490b7a3e005d0d3e6c88e74cba3c894f23e1c3b1e5b0afb911c59670570a89170d9452cb685e0c9d4c81e47df656f0e46ba9aca79326581f6e9bd892f2e07db5aa310ba094b703c9d16febd897abd9bc8537c0b1c18fd4b970f956dca1bbc115093634067c711c212db18f84a481e4437c758410e4d1a1e2386c5e98e22c54b858e11696f9d103cf39165a065b24ae31d8bedddea3dbb4233f0910c36914d0ccc58b8d5e0417ff451edac36211b7b4ea32052e7e0eb035f71909b56e598d3897347bc3344de5d8ca8d761ede0367c094b27460ed67e449a5d92fc9555bc086b6e189d0417832bd2b86fd0d944538d0de18d1897d084ba886c6e8c9ae0dc0b87cd31eaf04951fada126450cb21ab8d9a23101554224c90a922221f181eef0d211feaf267e0c869b3c89bb04b26cf9a0f5c69ab109edbca0b39428161a6928cfdb166d536905b2719ff00018b5432c5180152d228752035363a14bb51c7b0e6aa67632928cc4bae1132e97fcc809542a2610929a2d17891c13d462b7c3f43c4d8d01d3343866c820488e8349647d079e50f0792476e1a7c52b2286c6cc2a32884ab89e131450244176230b1cd1344c324b50d853721b526290c5742172ca9710ba8b2356d224377c71443910d584361a48bc5d03a6216044b20c8c8d2980ecf690cab6c2dc2d2c94709ca94c615a2ca30bf291c965b62da6b76428c7a944be0382b014799b21707093409d78663be73caf618a9f03a74cda21d4948e819e51d498c70fa1a260df12d0c5914c9df14bf5098d224de388114d953440a0c723558a6a6482831a06424609b1208188b32245fcdb7b6b4b6cc5ec491772182f033a4c28c4bd6512c884f83e270681abf446e2ec9bc51b200a6b48d583f416394bb61fd2ddf62c239d932625641f9c571931767e046ce16474c0b264d08b44fed314cb83f531cef89f44fa6286ac4b91924dfa1a20f3e85c2435e4e22920dc180cb782741cc4dd070c40a048d1065084f9823c8993471dc6a852b64c96ebe83a168c4cc951d0d205f7206aad49aa63cf1575ca44319751a36dab64e9d30c1644eca71b543910b0da151f9a288391e44847fc42068b94b6de59d27ea2e653e25ba9e6cc06c3cdf48521b92eb031f7605b1399fb1a224823d2c7843888431b1bbf4e06ec9a134c6ba7a1f8b1432cbb16e2834445235180496cb58264226a316c688d422636774b1aa95154a90e70189969c840eaf2296911ca58084b84a507911d88d21fc0d6bc89c518c6a76536ca0d11c31c8f2143344e096b274f0f2c4b55086a8617355f2df4484281ad24d185fb4494c6047989bbd9252e54839b5b9fe65d08242da4d40e7488c9dd97655b6442858427c3ec67784863c63c19bf50123d88cdf0187dc26782a18d741648c9c5b244c92787e87e89e5318198782d8344636222324538a241f117369149d12d0ba876361dcf0961321e746c481b5fe82e1d47fd4c77cf91d0bbe919bdd12ea55719918e085d6b019e7326ac974793322e953427068ea44726e7a5105df369a2794d18fa4590fcd2fe0cc16d612777fa27bc46a16e10fd43b6eec43dbba3e1716ecd319903c1f489ec0ed506052140f4346d0e1826718ab037c7e4f1cef88e2c58f4ef8811218c8aa5236f4ccd348b6926b225998a7431b353d0ddbb134c6a18879229710a9f5049ec7114a5c16a12a83abd226c57867935c6a24b6ab345d84eda3287851371c6cba4398cf40eb0bee2cfb622041950d1bdb6869a459d3e835da721dc21cc2b17d498db6728cbc91f29693d886d2e225813503e1719218962db87c89c5f06fd36825c430a0b63506f5c56ef85e8dfb133f54842451e07d0359188524b240a128135d30220287630629cc391d7035ca1db1aa268ed242424f93419c8581129d108133462125b62d0da85f8f813a908f917113f2255e82f096e9c686a2292b1c5786d381afea63a417f212a7616248de5c9be1746767acab1111a1d06220bfdd03b441d113525d52863a362687e424e9b3af717ca1698a7848cf9999f657a37eb5ceb8cbd288a30321514f038a14d51d4e204a19415344c836e46222d23a24f9c79a33816e71626dd1124eaca0cbb3a7e46ec98c12c52f86c9c0d893f08aa2172b44d73b3ca3a0b5c6b258e351e8cdc15bc0eb325d44bec89377bfc4754a7f665949cbd1b343a875226008f17a02190c698998fb1de812a683a43e3c17426f7d247cc0e37b087ecbc9f8e5713cbf5123706e0670d047a1116476bd34a195a6d413246e59d2437624719499669222741e531d8d4cc964196f814d46c4680f9c4222f06cd71818c54d0f4f6213ab0abb22c27804778851022c890322508dcb22d8b0a2ddec5e9072d2890382456dfe8241726de4499d10a585a6421292fe0675f43e23d9dce5cd14c9d5253b26638c66f8d7a1192388823d11e87ed2e2425dc74c4de4424e1899874d2f948469e2409cca1135cab1ddb0600f8c0ba6848909737811656469521fe28c52319139f57a1bd0d48afae05a2d90fdbb67c0ee958ea36d0d14cc29e041b5646566d6832ca82bc8efcc6206b76f81f5fe205a6ddc48a3a216783c88e179e08c7087d84f68c3363c86a14ec539b2b1c22ae1e1d93755291b2358fd947392d711fc0ee10df4e180a40495c0884c22b38130a111f1a5f53206246f8bf8a87c662c4a924b38152988161929da14352856d550b54de2e4b22da91a4634be81dc96bb021529b1617153448715828586d863a452f43971bd3b94ee8b8e70826b8aaffd03430ecb7b124e548d2526a3f42f205b9126a8d9b6197ffc880d1d17a63e1d042537c6274b25a1b231f1bf4297059323e3ea3e19be1f3d7d11eac50824a1be823dfe0c210249f248d2d1fb4329c740a727cebd912135b2427c0e28a644924a44b14f22b609e835a9e10f6e412c3132b81635b5edfc320711755f67b1a7721077ebbb112db638629b86504dadade4bde78248ec64d09b6075c1975e46c6d9b47d10eb4c2c589d97ee4fd4757b9b68c934645234a1b1c0b6ca71b153d8226c624a2b42e22f42963e47a5c91e76d7112e3a8a5125529f3686409132207c2d8d5f2c8be1f08be205e87e891645c65e8b109403ff0072c530c3b27ea2321b104b2f2e36683c80827ee70c7579791c3776393aa221a598fa2d02d18b44842f96544258dc3a26724ee6c7e50e8f29e19ba75137e43ead0928b23099ba10a5db3225d2e10a3488c0240d3ba848d43634ecafaeca343192c80bec488c5ba89ca28aa43cb26a36a7ea1cad5fe0442042c18121d945517b2b818c5a209c33202b856bf41a6c4642908c7217c894aa42c8cae278564741d0a82512493ecb8e5ed58ecbb88501b6fb8c5c6ac3577d05c485869c5f3a62f88d9fb36b0c89b1f61ae071ba1d45c8ea89b1d115ee3c3f4aff005187442cd51e052aa825a1ce5a269e6314ce09190202cdca302ff60669ccb03fe98d4827cc79b208a4cc2c81a16353535e58dc489db37f5a6335ba322c493da2fc0d5052d158a01e04fd921f40972513f51a69ecc6ef510616da723484da67f07f4513e8084a1eecc13429644a81ab1f2820a5c1b93647b749b97d5188a2b425fb176087d074eb821041044a2511fbc2d8ca70990387a1b1f0b82141d0e4651259e12922e1591d46ecb4ac27cb11612e63a6448648941fcb6ecdf84244364f38307943c59112d752d22761b845b663a77aff001e08cd1227b929373be2a1912402134b73018d0dbcca990cc95e427dd6e441a7c2853936c81d9198330b1e87736318a2344cc46363e249e205de2591d3f62b94d9154f4e0410484b8d9047a1525810c73dec781b679370c81a11827420ca0b88e826bc0a965a488a7f6d90ba0d51f7102547c7a244d754329cd78fe01abe83f27d0bedc42f61492bc8e8fb45229157a419b96f67660a76c816a0a21d479ede4abf66a1d467b087273fb100c38bec3d0649b308dcaa1d21958f0879a129d3451b36374ec2cc3a3816b865f103ae7ea2c9b16783e5d13d3d29365928425a47e85c505ece04234b37822fa48b53c33c8d421d43225c3175932874c48921289bb98a1bedaf04c2e867462f4d6c58a78376ff00824899910a5dd92f9e1e046f8915db3dc094914b090a811b29396c9049a6de97a21aaeba1ca21810c3170568426068d4c89cb42a64361a1ad83e2297e0754096859bf84223033fd8cea6be4b079e0963831fa32e3686249f4310a5c764cfdd715ec3ab59023c8c56e8893d756399b061154ec5f98c963d3f13faa1beb610bdd5fe9e9577732336eb1fd96386645ccf2cc5923f0465a718b778084a70fb887334b0a1e98da4ae97724d24d2989201e0c265f288161b14a58f0cbcb25890c84b64a34bc0e480dc89ac3f91e45d46b84463444afa08ee3c3eafa8d305b206bf4ecec5a8bcb24270ee86a7d196dd2194df8c0a1e46ad22535512355a20c2843b35d82b7ad1f086c3df1a59223d074b4174580df6161e2608e0530470c7ca3024d944a3c384b8a31c57100eb37c23519ed1133b90252c08bd54a7e593568edd459de0c2045eca4c8078e24949881fb0dd7f1a48ff00d28c8833a39d8ea4ff00b366b21ebaae5ba7c22a1f4ec66e18848e10ef86207cce888e9d67b6197998ec51743597facf886d7a2055f02eac4945a4cb8b128ba8897a133114cc897e42094cca1995b784fc956cc1975118c679332415c7cd0841e92c657e426d41bcc7ab686a5de98dcd86851b1ad21f2d8d11876260b6edb20d381932310401ede7a244e6bb1962b4bce7b8d57c6784c48ada36bc86b5cefc143d068fa6a0531bb0caca791163618c8e7c7a23857c23037c4166582f9adf0eaccdf544bd14663e89b85f52b4a5e66ac3fd9e0c4fc20bd318f3e60ad0a9d15fdacab0254e0b2989bb6f1082294344bb375c2c0c855d987f610d52ff00e9d0810d3836a877c48c5293f604f74e57d4451c082c90eb4848845d46408a4210375c12c7bb645f45f8e30045402851f4ab24efa89ab2e4b494f05370aa24cb0210e3b9a9fd098e667872896e07c5d05f81d1bd9dc49b88272e49044d09d12262cba17cf02014a1e899b4be782c602da49496cbc90cbf910d51a1aa253287531102d38ef4164d963a5e0768da23816424d0a838792874fd42e1f1be554909f54a8ac671a93444f56989a9c95c80ebc07b6e63261a62ad4236b8100e91896bd0332bba2b5962d54f4608c6fe4a712a736667b04922494254a39d158dd038b8db8c97ec628f51deceee386ed5b5e95215bfe24947b24588110ea472d9098978a124a4d358e4a437dca232b5a1f5505a363b2584d38814ee92619891b8c398999cda10a114f87fe93a1a208cc4c0d7216a45a42c9562a8eace92809d3f05468c605d1ff52403d10cdf99eca67f6334c993134c831286317c05adbd4237a29da19b86c17088448542ca8487c0d0c66bd2424440cd9bf548e74e8478e3a1db66a0c4eeb8228bc27c0945f30683ec42b41defea7e9635f5aae1cad9a1a2b11d1d21f9bb98b22172e160b49841115941ab132ba8d0a649c488163928597441e4a5d9231ab41b560467a7ec3426c0cea4c4b07d98a57d5bafa5284f4049d9cfc751ee412ccbbb0dec618f17e06f89701192791bb894091dc199ed0830d981a287549c27e050cb642df6de3c880e01d3486abb083a261dca9b167c8874ac6cb34686f6627b0be907ab894d861416ac492ee18f8c8b8448dca1d9ae6048641304896b972bee4462f28c2114a7c084c93f7c3170d0412abc02c7d952150a74e9fa8b892f441198b78ec40116d1c2e247c41ac04fbbfe09214a118af9762ec36ea20ea62077308631e44e147912ec8cc59b508f09413e6c4ea7386d75e83c352c72d509e9451517b2fccb43256737c430a9fcb087390959bc8638761258be9182445a1a514bf21634f1e5a56c63e0860587712c830077e062db69c885f3e7ecd1d38e475478944091618c8208be570a7a70c63630b0493ce4d17f5508ab7999fae562596e10cb82932fc1fec63aa93f5e201c815d1417d8673336ef6329de626a68835c974275d812b6487502f22e60818832ce12eac517cfd42cfdd204879c088565e10d6f796dc252239994b0224a449c9427065f9276cc9726aa6695f8431128bc26b7f892f231ac9ee2ed0c9245277e3c3fcc4d895b334a8a2679b1fd0bfe26489844511c31f226e09d151b1937943da89b6df419131fb24a4c0217595be2e0f8b6449b2173c45917e94fd0493cef88f4ec5e89b1fa32c7499518b304dc40a6c7563744f38fd848811249211e45dc6922cf606d10425a1e4fb1ea5a119f34856c6f08c0a0c2921b13ea8c28a2db6fb848a72aa825ff00a416012cdb3d3c9bb63273639e5b3b976fd93df950dc2b1b84088a7015a489d0e49157dc370dfea21d26d4b523570c620c419a265dc9434954d8b5af28792654e22a591e6cc58d235c13a0f84707c3249e0dd8c89e67d2bd0b9cf1be7ea31b012d6c8c5cb1683c75d25b1b636b6de5b12e1291f119213f3b1b8685e40ca4e158e15bd946c225a3516f066b2354a2244a6da1a44424283f94c78505a34bc475ec419eeec797eec5893d8c52adf882787f5166c89950f05d2dcda236e21452d12b0d0d24cc9e7564431041a1c65f1bfaf82349fe086ac2946c49bc8a90664bb373c0496c5414c9cc0c686bd89e12208e342f44fa31e84910468c7e342b9637cc18f808684a70750a0f24a2bf1e88b1e1af23c8b33853037c302d8396ec5a91fc5564f050153b99107e263b705972216612811ad1699d809d451421ba27c8bb75742d981f40250b6dac237d448a148690d73043a0d4e52813295c3198521bfcc6cf021e427544911653f2c82b134352ef51dc50b997a93a1e4b6a0ae441a18630249e0db24428135d0cb825eb8219a3f3cec99948ed7d90f4714d7916d4074a1598a134d9b3500ce040d31d824977d781915eeb1e0a5bb149423eab25d2fbe18fa7f45368a3309ebc45184fc1fe0648fa896b844b64352db6348f96cec2f13d589086154475a342c89e09dab2455ebec13a26f8930c4c129f24f6d684791aeafe82a2fc4127738c79230c51b3415ad5f509cf303b41961c5298b340c84a17046c9d287973c830e785c410c810f9d8424b71c37ff07921455fc125985da4705864aec48d0f3c2b18d036d8c7463a0940709290c5a4708ae6d17c4449123d5191c9119771c453725812810921675d49d3c2b1efb0c018fb9056a85d5ba2eac99034d2d227089741f48485e232884ac8dd48d2a3aa22dfe4214f292dd653b7519238de55bfb2638d04aa1321a036dd40f8160bc56be11f5313070a614f61e49c291b30a44b599af9928504d0b2cc50f6f42b273d29f2decf2009d227a188d2e74770f03539b42bcf09157441b8912b21655e81a86259a9b8e2a908644c986f88f54f13c2424e1903ff00e0431095b3a33a5fb3ea57467514cb062087b8fc822b6635bb191da1521658fa852a332146068095d32284ad910b2dbe24838c9fb5d20b1d00ee4ea109534a55943bae8c7116c434d751b416aa3c19e221cbf9bfa137dedd3e1685ded9415a58913e04717424937ddc9328b40bc22486e3b303162deb0ab766fa8a69719941f6211f812894bc1c317fe3dce236b12ec52cbb1c9d1c262425895107562912987c4d8ad10d1351f95819ddd3ebc580c991a95486a4354d18b21a9b252c0d47d2103f41e5674f024f53a52fa88bf6297996c498c6424257c8c962ae3049bd14f1bd8fd13cae1708426b84d894a8edf39c957fe08f202274db26121d1425b637172c9e05e53836cad7546d21e90869be42c8db5f04a992c18fb45c0a6307267123d8e1ab21e910958514936c72ed98c9f9042636c84a7e027e4aca5d0922c6ee3d8a122d42207b1382e5f626c16b12cb2a0a4ee5ab85fbb81c23c696727224ceacfb8a11b0e570fa40f5d3b8d5876fc448d8eaeaff0059ff0084ecd706cc716ce820a11a637b02b6c791492e3bf512b1890695cc6d6c9dbcc6d0c10528563722596121d3f2ff00833269e1d412b4ff00dfefec4c9b5762349d883c48dd406901713171f3e08f611910f2c4c0820b296c4c8e279666b220736e7a1ff4bc7518e77e898125bc5110f3a26d651e0a6da5a810b807af214989e04261a4e1f107731f9cf67d8836cfee3644e4327dc147288d48d96ecb14b45c6b8235244b150c3cbf7323116d141ad74ec3b736d6a92a492ce4ac6a99a1b6e3722e435fd0d9ed498d90412fe8d316486d29bcbb7ff48d26e92a7b92432b29646947a22c52290f74301dcd090e362daed32f1e17cf48e832b898f59cad7912bd4809e1979cd103a109936323b49079a5ca6242850f25ac62afd2b863f4c923e62289f0d2dbf239b3c130d74706491b2fc1108d53a1325d5f485a9ba5f817f09e7a9426c753cf55890a608256e113e5eaa39388941815c3e17443be3e3821c99f91650cc712136b245dcf26268aaa18a4af2396cc9438e042caee481e2513dd84ea3825e7d4917fbb8a8b2a69bd94aaa2b5a4eca0e20511895d06f98b73822b23669c4413421a320932a6b237c459be16531497d85f0240e3791e38326b840ad607499cd0dee010ac550c7d7863969719e0d7b013c68ebec0848d6439615225c2467c7066d8b58871b0e06f087225d8d4df668516e6d1284dd681686df5821c296c5b3c91ab821db3048888ae13d8c44b4741706816f8e19bc930f7a2cdb76cbe591421cc891817722128c91094286e92e0b331de5ffa20f9d65d3967cb42c90ed7a9f6ff00d2f0d2385131f950f4f5662b9524311d8247363907108996c9825a837445886c34e518112e72319b1a1c9f92660ba193d174343229799913cac471e6c6436e06b84e048e7c8bd5be18b9b965b6e04acb36fb9d8c3831464c24926cb071209a04c5a1096645899804c31ba48634143664f479bb67682e0bb9949111cd2ae8234b85e647526fe4927a6056491106111c3f0313c143ff00921cb54e347865138e12be60a0d92bfa793a39ac116ff046e9d2a53277e1282de0208e1f19c99db24c8b0d7f20938e1d190a732ddf4e1a86c682afb4a138593ed1bb15c488ec3cf12c485d998185b475f04ae45ce8710c83c094f05c8820812e452b5497e49970b01745cd0883ac18bfb157dc6b3464a81d002aa377a27a40b39a6c8343eb630b7f2102e520f6e91df915a42dc9d5dc63e3665e386b82ad192b0324693298249d0d761ae0e88852b591d65fd07d14404f50d4fd4a3c0e12d7cb1886b936bbbc9aa44f084dc76b170f4cb6b7df87f51ba1b8131b21db92d4240799d1c0968c668d8ce44dc8491f3a1b4bc0f63fa93c727e09e0b061aefe449ca563caefbffba8b25aa29ea4c8954130a89c323d13b05fa133873dc1db125163e5412493ea5040403b9be82dd8490bb0b99c5b92a6da1acb36d90ce16d195f4115f0b4091793a06ea975a1707e23183cf34ac7e66f8e422e99932c11497cb6304016c4e18ec372ecd03743352fc9d9bbeec7aa5846f8963132667d3dc93775b6fba73b2922898dbed2e6c9a288d7b645bfb98065bf7e4f1c2c2dcf109782f56c59d0df0a21e075c9af285e95419e06ba4c5943540c5dcdf51d16e1d8ff005f64965e3a9064ed97456c8db7ad0cd24e86b028eb2322916e7942204b866fd34f729ff43362e9ce9084e33c25312504f9fa025e92f8256bd2be878f24ede442c1915f37f71db7fd0640ac5de4c57d8708531cd3c0b2c65e1326c074d14fd9e2592340e4dbbed0d13d5fa08ebfd1f8ef0a47da09d19bc0a97ec748cdbeef8257c3424267dc42cc93b817931f408ca304c9c997caff00a60477a221879a3f05d39c9bb30a32cda267e412365fd47ecd5d9f4bd4efc1db81d8c87312515af067e573a2fd498d4653d645c211250b9d8cf85b0c48fa86a1fd74908b090c942dbc16790bab32d8b0c7e4d0928ea12492651e09a6b649d881bfd9a1b56e28fce0de7003cfd4d378d1317b477dd08c2d04f2adfdd9fe50a1678dae1104239b084c8afa8a418d133a2b7f61ba1bc135d9ff00b1de06e282c7189bafc8ddc6fbd0febd87ac8ce9ccfd047843cfad0b99844ea9092b24d40382785250caccf0c5cc091034678427637a026cf1e84fd042177e77c56e912b3cba26075aea4caa678dc1cb92f9114e8776a6d8ec595b8446d68832d22399f2269344a30a4735fb07834f639be62c7563a4fc063dd9382892f5412d89d216c6ad129d3724f398dddd94a7f482d9b33c6066413810f3a04d8923cc12581f7f912c686ecfa1e20a37ba69091286929e855befc62ca3f427f9c89fb4fec791ff00bc104b6f3c2a3faf08b7f9451d0ec790ce7af324924923e11e0477cfa22c0b8591628448bd1a1145e87c1f2687012e18db1dc34b24c2c212c9bd60cb4226140fec6a04b6e22d8d352302014e8b83b923fbf18448cef134bee38bec25385c363d50d2888c8494af92a5d994e4478423b496cca7e48258761b335d9a254c8dbe04cc7b1433e3fd46a92427fd7fa30af24f4f02c2b3d1631fed16975425d8ac0da53420d945e842204b9be10b47d8350e21098bbf091af4b75c475d9e04e07725098a2691c3715c86b2ba89911426403498637411dc2dae190329f60a716e8437f53fd4099fd10db6d8ca5a2a0a211e4650fa8d014ba5c1854d7d88524c10d5916cc595ee64f8ea644284a333b11da396bfe13661d38fd61e7f64542edd58b0e5591315f71f71369a8ff58d65f6fd0993d954978f61a88d9e8173344899366c92492a9123dc4e965f62eb589962832e4776465d8437b3acdffc173534ed2ea7645125b1094d3b11f2638af440d65a6892c4fb94c9698a1c0d741ee90c50772566b6552e160b27ec54370cb335f6335987074c398637d31be9e44828f3c6425aeadf708d8460966fd890b4e049303a4336d25918e2442e4c07c5a63b116147d1b64035273f9cafd9f92644e3dc3d35b2cf247055d0bf19ebfb15bb528d4532889a22d28f8125fe2c68ad5125d00ac214cbd87ccf624c6450990249d605a48e1199ee3b90a89b4079fb12970cb52fe90c2930fa25441d763f47f497f9b1e5887938c81b557b6cb6108bb226184db499190a57528591adb3a39091918a491717f4172c1296bb16d13bd890a932c7ed2287081658d59e0cdec4b86e0796218125b995a1c3421b245345457cc7facc06ccf7133224f6d38581a86a526a45092844c791bb1b32b796250971a311870a27d20bb81f42ea62a0ed4ef025ae82183e91ed9dc3f73b44c26e6fafeca1a78e8251b28d45dd415c7e49e1676f62ef831934dad0bfbb026c8ca6e83d81546d0bc9320a09e97796524356641aebb7e88ad0c8b14e68253396ff001487428a0eeffe40ad1cd0a9ca864641f964956fea4c86f495d43d748626dea588e19e8e9b31792503cf565f3db847dc26af7f462c241d47d4655921604c8dc0794922970b0c23019cc136d16d323bbd68c685830492cf13bd53f1c9aa1ca444e48751c82c88f29a1198d448ec5354343ee4570f0c436c88f2b43648c677c5a4b0fe7f0c6139bcb3f1182e751261b7afd0bf3964cadb2056205b781558d0269ef22f24a4de8abd94b942f216a4449848523cd460fc4894e709a48ef29115e49a26092295d58fe260f6b6e1242e8ea13eaf7d7c14311f28f7df7907a6dc210a52b7cccb2b1155429dab7e3b1b17302750ccd958a4e8c725cdeac31d46ca656244479e2870217dc40d8f025b1abf0542503afc8362e5e44b1a55f7108de3c5490a1f2269c1d10dd860581b18bbe2c9f571f1a26c7c8ac728cee804def3cb79e7786dcffba8dd86bafafe0ca90bb4ebfd637d4e85a7f43e01e185946887eee0bb0f81f4cd047c49bc08423035d52497aa4d39aac50cd44251344421245d10893448e83a0a1921c57d4d448410dd0f9363c8f93315678d876b268b25eac9192d223f3e87a163a88fe44dd8e5429bb98145094d91bc8a7823ce4504546ecc051e41e5dc0936c7c185a6391265a443f62ffa4fc3283b87fb889b2aff002797c8f25b71dc471448ff00be067db0955ff834147bd12623a1cc0562e5970b078e2689e5bef6c58e49922b4afc9e091b1dc1e8af60f22df124c16ec1516ad329a214b1a7d54284e52b268c0f84fa75f612256236a29c2818c224811b1e38760c3791fc0fc12e4449bbff00a89e036cb18b9d6871befd3f4422b0399ac8b08fa12084ced261e0794435160cb8d7b9116c6e902844684180db3221709f32324978352e3b9e42c316e30922976ee6347d054b4228b31a857c0ca81e10d8b91820a649ca8b1b39cb363ec74f463745fc08251621122649b1e18f5c3e0ff21e1a636a1ec5d976208688a33c803f0f246ab591f237f087ab2647ee797fe0fb67874b1b220481d788fb0ff6061c68c9e7d51ec50219151d33ba220cc1d93b834899b258ddf0d94f519e229837468857794bf08f010f03145c0f653263431f913b84c4d993944bc5ce7a60c8c79e1f2ff5dfb191b3e442e170d01af86cc09dd7c8fa1efe0ccd3457e6548c1f861ef1377f4391121d07fae4a26b3c3e9479705148f3caa5f62267a2ce5658dfdbd2dfb3f240b03e88c87b16c4212090414a9149237d46e88364df442282c9d09be943426de06294a7f24c21bfb159e1fc9b1c1fe4492488b3d3d7d23f7c68591f2f48bfdbe3d04c4ce84090f23172c4cae2ba69e1a81185d1953a0d49d877b134244cbc8e433dcfd165d86aa25d9dc1d5bd0efc931a1cbcf1234101abfd6421929f23c587af53e57a54d05563ec358c3084ea25425cb1aec34cc82b42428b227788515b376690ddd8b73c721638fc7081c432da7529fb7ec5a94b8db72c82d95f74fe8c7c21e39ff7f9331bc0a45dc5ae16478e47c6191825a1249b2624b8b5243c59b163b32747d0fc8f2b920e23243a8dd0e9d4e86591ba7d06a07fac6da58b0ec3d47532e3edcaf6520b09dcd7864440bf7c10581687cb49597c49084c7c4a4c9f815f2e56a3d316c591924d2125913bf2fb1477ea3c984b1d2e3476e19137faec53640c6cc1302521a86e44b1bb33f81e8ec068719fccc3a8594fb3e342589d4489a60747036c4dddf0f0370dfd042e8fc12664ca3fd03cbf4bcf197c467975c7ffda000c0301000200030000001022922f3277281a20a65a6186b860b60820f7303fdf3f5a7c96a4545e3042daa8a6a8a3692e2b4c7fc3835820a2082aa20baa9a1ff0e68cacf1f7d193df3482882d92686b8acbe919c4f840b520ca1820ba886582c8279f6d6ddbde50b3cc76867fe1866ae982f8e1879d5d2a632d35c8938a8ae8822920babae39bbab1ee19fea22b2ab2c828a60b2092aa23ba0a356f8cb342ca289a0aae8ac8a38a7992e3efef824ce4aa8b2582196b860aeb86cabfcba9d878d29682c8aaa63a23a2482782682d822e849eab61a23a218248e0aa586e9ace31e5903e712c6ca25928b249618a486186aa2dae0824aa28688209278699a2a21924b2e569ddcd4a6f2d21a23924a288e6a228688e5a6292092ab6abe3960b6a8af8a48a79248e82bc8bfedfa74a608ec9a09219e7a25824924a239e882d861aa78688208a186daac9a9f2eb0a7c967ae249a89248a09a5a22928b2c8a0a6ba24a2082082082e82292a8a68288639daf57f63025ba2a20824ba3929a20b608a48e882dba0aa082ea23ba382a82aae1ba1fcf1abcb2b40feeaaaf0ca392818809a08a19fd96ac21826a20a2fb61d21aa086cc1045978a7e5e01fdabe03eb06f85688ada0928b7f93fc2096ba20b69937139879863abbdbef491246daf352ad3d7cf663f582a649e7c30b77ba2920aa0825bad8a3baa6d57de59f4d0e434a56a33bac072c2a2b7eddada6d8209ba8e3aee9e0aa0aaaa25d75fd67167982f071b62958880bb37097c27fd5f7982486197dae6a98c58aa647eff00f6913525ca248b955dafad1b4358f0c382ec67a455d821928ca58a0c5554a8a955b696e421463d56a695d392db78314f149235fab2ce8393e2083caf6adbaa5a6d92ef62d4ed4fcd103332d8ae01887ddc38c818ee518eb4a55f90a083eda7b36bb3ca49a308ccb3f39baebc82a00344795fbf69ea5786fa2186a559cf13092c82886aafba225f16a8d235f32c100ebc71ce48b132e3f131826f8f8f74ad38e882aa2877529f6862da26ea7f348d67b2c7d85317eb7cdbaee79c71ca1e6bf9869e215ae862b6a72ea69b24b31122dbf569f2de7946fce9b40ef5bd87886d2cb356a4045115fca208779ac826d7ff00bcc2f3dc20b029c59c0a3c79b6cf31960cd8da3e69a609c7dcba5ba5e864f8c3ad33c62928ded82543151be81cb1d2de46daa0989db66def441bcc91f5318186c4150510214bb194bf986b29496d48cf90b645e7f2ae422f665026e441e8f6f0ecc5f2c9fc228f3c092e8a89ef5c475a9602ebf598b7ff00e7305f08d69a5e6c89a1d69d299d2def6b9082a53f93335f70f559faeff4e2727b4d2d8b481f27448769301cd4c30db50ee130d09e5733121b212c1bb0a7bd9c987d4065066b5be82c18fa92ff004f65d5839a4c824fb3be2fd7f67ce58acac2f057e1197355687b74df36c87a4e3b6075087f9f670b18a2d844698e3fbd8e7824da4c41568cafb77f4e387f7f92c7a35240fcc0a8cc71c05bbf4c6a513f678ebd9aadf281108ee76d4543fb6831bd9f9d476a9e1b86096a089aa3712a5cc53b826514a255bc032294e26b7e2d3406672c888e5dddc8a2743cf6532b83d94fcfd1538eef08e58341fbf06d13a46139043817507cef2ba27fe4d573ab47861b0f7025500e2ff8040da483529e0e65c01696c82006cb1beb56a93fe0359a454aff005f39d0cebe569619d2415b91e63caaf29eaf567bcd0d00f6020fe9322001a7844117cfe10a64a2be28259a9f7cd7930b384a9d99767733b35750105feecb6b39852d301a629c672bb8c3ac61e53345b71cd5fb197bbeb6248458410a41194ebe820576dcf0418f55f5bd2f834a42f2d8a80f7a20234dc7834e20ba714ffcdc6331dafad06fde711f192ae5ea1731556df432c28cb62416fe5f8970d8078d7bcf4b4ee34ea49954abf48f0ef5ff00022bec90afcfc7006569a749c1d1c5000bedf1a73dbf59efbff9142d6eb776884ba55bb3299d0825928dfafe23c956125298f58a9b42de5d64737346d265b66c42fa89a6013f37bda89209e09ae1ab69eddc675acc2d7c3f77e542ff00646f61a55a00c3d9f6ebb845d24eeea8218288ab33f7f83af32c5e3b8cb7a6fb66ef16fc40481137c80cc61e9524802aafac96eb68a27d528d33c2bbcfe14cb2c3efb211259f5104032dff0032fee616830d8e4a5e286ea278204370381cfc20fe0a2f208c30008818fc8207200c3fe28800e0820f3e86278209efa2ffc400221101010100020301010003010100000000010011102120314130514050617181ffda0008010301013f1083a42703587ec43d49fb9c25912f9ecf7f99d58ca78632321c0927f81bc0786db0f0fe6f033c5330e38a4927edbc6786f19fbe5924f5ea47a668696935cc33f62de17c1ff09dfa80bd423d5fda7bf524f5fd8f1652ff0087b0cc32ebb8430977fc4cff0013381fed98847459bc67fab3b7628d278c9ff52ee4fd09efae73fd4adb6b0f1af764ff00a8c9458416a19264ff00a824bc2ee226bd46fd4b249e57d2e9ee473399cd9e7967f8e3ab0d8840406249383ea1cb0fbe01673bb4e1f02dcb78dfcb6782f51dc9fcf1c9d871db3f50b751deb3dc63c808db225bf86ff819c6f24719cf4871ed1ed9e8b72e5bd533d3f8e7efbc67073bc330ef864f59764345e5e0f9c0f3dfc739cb2c9e0e33bf0ce1e0f7bc2b7d46fb9104f52661bc3f8f3cf0de49e02ce09f021fc02387dc2f6bd920093a33fb13d53db9077785d7c8e1f0cf27838db782cf1790e183eca363c6300e027fd6d8e3c91e10fb263c2f27b973c0f35861cb5b0b20832353131c972db6f90de5b3b333328f683db1d6dee00f76f723b9eb20c386ed93e65be0f0e725926e4e2143d42edb2ee5df70e920d652dd720eb9612ff91919e88041f6dd8eb26f887221c363aef02387c0f17c17c0207ec05cbb2c99d4a6f5c66b960d6035606c3bdf17dd8196331be7f647d5160466af4c8cf9c316cfe993c1042db03ace3525b26dbf391c3c09eb9072c5f61a33bd5ea43b2d0ec9034e23ef87cf3c72c82ce43ef19333adab30d912df58effc4fff0085a3e0b04fb86a8dd6e9ee1af5699dc32f743187499f7e21649c659659e270303761e927d2fbe1b04fbcfd9e8dbfdbdfa8d98ede1b21866b2cd7c9ceb61e99c2e8be9299f7c670e907e678163ee38ab81eb21e939873846c3386f588cb324d8ba41b33663d5daf6498dbb1b880fb2370e56db3f00e33c07263071b3eb864dd7ce5a5da12f8847a5a9dd830e4b616ef27d908c61ce0ff00c8de77927f8b5fe588f12ce195f5686cd93ae570d84a4e017d59acb1e99a684a5d9ee0e9c04a975824e44e76d80fb6707bbac94e4fab6182d96f68385f11d4c1ed877c89eae823f91ad781696cf7134259e7fe59665a7cf0cc8ffc937d4338f48eb60041e18308e18e438c17dd919c1d41e816fe097322ebdf1b939e0bacf24c2498b6d8e0cd9b3c7563ac0d0390ef625e1793e96f784ab68cf5c3c29f1316cdee5cbb5eec83826c9f279de23dddd59c1d470b1c13ef91ebbcbc3e41ddb76b26a59c6f1b26f0cf20b246d6aeec3d17b6f2f8130c63b861e2f8f66590ef1921923c8d63823fa9313e4ff18fa5ed32deaca5e8b07a723e259745ec713d793e07f6f52cb796bbcedb1ff66263899d594d8d4e33d7ab5edb01b67ddedbd70d9e2e988fdb6798d395ea0eac8c5ba6cb2ecf916ccf817bb6c9f5610eb63709c77175d84f0b1ce4bd5ea1b3aef9beb9fe38625c649e7963c120f768ec85f702ce0955e030f2ce1e118d5bc8f50ce9f349e1f7c3c0c36cf765901756585d4e9e0e3519b56afbe07de583c7a90bdaeb045aff0023cacc4387cc8fc3d38de0f1f593eae8edd95fc3d3c1becb6cafb36dbe43ccb6d9b3cc9647359e778387d72b3e070bc9e0756b6c873880b963d70396c32c71be0bbe475e470f2ccf80fe059337191753a2b7d1f01bdc4c782d79e8791cf478667c0fc0f0cb0e5793c9bdbf189884333fb0fc8e37c17a9f7f8c4f0de99fd9431e2c707272de933f88fa866f6b7c4fc48f231c1cfce5f77a70fe33c1e0fedfffc40021110101010002020203010100000000000001001110212031304140505161e1ffda0008010201013f10d25dcec4b093ea4bee1fc3ce77c8e320f818984905acf6dd4bfac31f3e783e1967cecd6ca4490e016fe13f8aac3ee2e8b5f724c62e90efe9f09e7bb4f77dc5dc2dc2387e18fd499f859bcedee48f7d48758ebafc4ddfc5cb2d8436843fab6e882664836a1b7f5280c653a2635209eed86dfd4859c10b2c9cfd56c23eac67724ddfbe30fea1b10763d397b36c43a7abfb42fae1e43b33dfa8fef9c9afe811d3ead484030c961eb8c9427bfa96fae1ff004bfd2d0f5611f879f13ca098dbe6c80617ac2271c658d9c2b39ba7f21f85b62757ab65eb2ff23bb304b32f736e3669b667e88bd5b0ee3ee7d4b32db62f6f807cfb6db6db6dbe3be39c2eb81f77f60443b69c0275bd19f89f2796db63c3ebe05e3eac0eaf52355ba1b31dd7a0b3c33831133e17cf796cb2386df8171ed2fd46753af5220c63376425a378003a9f5f13e61c6417b5b6e4bb6c43a6ddac9385e7da5f487786c74b9d13dbcea55757b24c71b2d76013e6638395905750bb8d612eb36c1f50d2f4c2070c7658ad06cbc9cb07523881ed60ebd16e7bd8baecf48b8b021c1f27e5233b904c8b600cb4efdc30ee5cb70d94c99d1f792f59c9c05b3a5add9f6fd320f524d66d86eadef7129ebc983e00c395db5ea4d026f17a51008db36dc65b56eb8ebb2f83d776e93c63bdc0ba807a61ae360e474e0e59f23cadea41011f4da43dc0df574027fd96efbfb1c37c032d98ec9e32bb5fe2c07722bd70fb27a471e09e5b6db6db6db6f83d70efa97319c7644576b2419607ea2b074643963ea0ee7d4713d123720919b3b851bb6fae3a6c267852d961f8b36072b0bd9397380f03bd911367b8ea7b964827beb8339b1d3778f0f4d8404fb659c0688e98b876b85b1af22cb6efcce8b786dbc69df004c9b7b431e0485e8f07d5964d95d1b317d471b36dc9ee38c9b75ee03d4b80de3387c4e0d1dd8fecff001227270f73047dace5fc67df385c80c3c287bb56db7d90414785125e178061307977c5ff0023ddf737dc6f80e0bf5645812e0b58bd5c3b56d3a279ce0f703d909d18387a707534d58647c067abb4eefbb725de02585b2ad9cade42ce0c6dfe5a8f53d6f2ca1a067fd987b8375803d7063cb698395e03b1c6c74deec783c4f475752d66f2b278c8b6d963334d60b29b771100f5e2a5b09b36fe2db6d9e08f21b6de309143aadbfd97b97cbd76c913ef38795bd78fd4f0e0b47a8d4ade3382db6db79de17a9eb282e8ea13ee7a70c43e1e92d265bae1beb81c63bf0fa8e9264db0f737065d739cb3fcc8bfac0f6cfd5690776d7d928ed6bcdf835edf57a16fb9edf1d9724ff26fb2459576c01c77659cb1082619cb930d21df77f18d5b6970f07c7181fa59bc1e563c9ee5eedb4b3d2351d786f2d913ed5eaff32c81899ea1fb635d10c325f5c93efc06a4cb276cf32223826dbbbd5b2f834599d70cf6423d361685dc08b9dcbadf7f01dfa58eef72d349f37a707af049208721b786ad6d65b34f29916080cce32eb93ce59d2ef4cf571be4feb83d739c31f766de9c27833e0f0f2f5e4b6df0fba18eb75617403e058f1bc1364f01167c467959c9e7fdc3c3ecf83da3909f06771c678a8b06491aba36d66f1b4a383cb6f5b63e10bd392cf04b3c32ce05b0e59a42188c40beb719b20c9ecbd799c397be0de1e57d7272fc4cf3ada9b209e1ebe63ae365c32ce58e163e07c8d84964f0104f470b84f97b47ae7d91e2c705d8e0f94493c3e265d65be5ef1ebc23c5bdb812ea3c59f8199999e09f7c7b79fbfc531ef817a4793f07ffc4002610010002020202020203010101000000000100112131415161718191a1b1c1d1f0e1f110ffda0008010100013f10cd8ff11273fb82ac2ae3a734bf69a4545091038f99d6acf3387152b45db82101ad60dca641e23a4113882e856672e663d7c4ace75e25d65ea39e5a83b9be711c19470cc0638706f998ea00f89c2c167dc33910bba5dae61f44e3f98f2c32bdc7599be84e7ccbbbe0972f380aee7e1736fa9c789e0cbf77069ceccc352955388354c66076ab25d8457cc2f16a751365ff00b2f161cf12f1e44a2db76f1050deb8ee51790ccb10df5068c3f313961e20344c407b353f53b7b2563706b5be2202d58aabe7130dbed805c3cc00201885b45f506b206a196d6fa8e95f50cdc48516b2b54b8e22efccacdea88f1dc37ccbb69667c5cc98fccfbcf99a2e99582b5176b2a037075cbbe60434303ca15bc4d40b370db7a9c072b729bc6e509436b5e3c468d63198a826f705305d5ce69b80d915d7fd8d2dd5139bb95be225986a5196e780cf989cc692eb9e65b33cc1bbb7f301a575029864e70f73135d8e669da3701e567e5e2014770739d4bbc5430cd46973bee0637a9c5458dfc40c0b87d4326ccee14eb10c3e5ad46606be61181cca5e73e6003f571a3ea3c25db5ccdeba8717308bcca074b01e7ea1f99935cc1cabea2d177f5145e59c788e0c92d59d45c6370a095fe136efdc7c205ac4034295882e463c5adfb9bced217cace65d19299b65ecdc7066f30bc53ee2b94cc73030ecf4ce1e58e32c1ea158ac4cc74ee594b6b48e225554ff00af8566d8dc063d43745c02fe22803440a289dbb8540a4d8f3114aa75ea5aaabe18e68d5ee274fdc1671e330d6e6262b31317ab9ba364f8c90f05e63accbf61377531c18adf735677d42f5a4dcc1bcc457cea2c3a9e9cfa9e86536eee2db9bdcb75fa673777e1984b77e273558e165a1b1666b357150bdb2d9bf922b87d66018b6515b6b926acbc3b85771c96ba8a2be3c4bbf489be38986ea03958b564f5f50c16e7a86514e262ff00b98f704e61b0c3f99b280b2287c44a6080d19a7ccc507277318173069c4061dc52bfa9bd5337780c4ab758679e258f11688e6f173770e4868bd798912ee92e517b899cfe217dce739a8facc4a392f98b8c1885814ea317058c4e7a9a6ea2263443442b5157cc5be12f776bb853d764a4d0cdb1951633533462b33d205ef78d5ce002b440dbb089766f1a95e23660d471c658f1d74418130f999abf138e6a7cf338bafb8959530b6af13098836e75e08f11c6efea1abfe66d822b7cc1babccb2b1abea195a882ead255d3b6fb9679f399789ace66555e60c30d95ee70e6ae1bef88bb993029b16a29bccaef2c071c62631454eeff0032a2b55799633c435a991318dcaa2ee29ddde636ec866965c5730d54715ab8b7dc5e78a9c1115d1e655056a518c4ab2b10de21667f739be23e0ccd704a738dc738e7c4c66ff7361a2a64dfdc689bd4de62071e62099838b0fc4a93fd53279045b0b4e658d17c20a506e7d4ad033d406f012b3d45022aa1d29e2568352d551a9635d5be082743728030fdc2bcabbd11151cc5e2e1c6a7c106cf5399ef9e256370d017f24fcfc43a2ee73831b9fa8d97d4e31a95868cc0e6b33e180fa87715cdbce21a864e2e5bacc1afd4765c4d93c1b9ee7e6a2dcb72ebc4136a9f139ee5d69b4e2613553445c61837c3be2050c6c39a978bbfc4bbafe2022d18711b00e894bdc4af7d4bd8fb8aa939d46b255cb5e712d3c4af854d37aeae2e3d7cc79bf899ae6252f73829897887b9840acbcdcca154a6ee37add47f51a34259687399be2c9cc725d6ae62d57e2094f38c40e7b9670c5bb71f1297598ef19ee0aa2d2301d9e264a370c6798160b81cc2955a041b66af70450063b8d30299cebc4a2ecf18dc22a0b8be2264796a76872950357b3ab99ee86122a04aef98ab71b561a8898cd456a3579df12ef5b85d5e3ee1bd4cb419abb788d55d40e1bea0bbadbc4bc567c92b6d7dce3375dcd6db86367a98bbe3b9e9c4f471178bf98371dc3cc6bd4538dd4cdb907cf333dc77bbf32ae6e56e89e0dca53b6723a941b1638bb7dd4b574c05b6fc4b346cf31bd329bf0430fe205419898e619c112aee5c15cefd4726cae2a66f1328cac8f171cb8abf3165de6db9ced801b62746a0bf6e09f51c3e6259cc77396d82577d4e12a61e3654bbba6ee2938278063b96015573c839ccfc73286ddf13da12d42c95ea375e7996e78dbe214dc5c70c42e48e5abe62b73d098d700d028d7920a2abc399887c1a8386a347130ae130d8b4aed2a4df446285b9bea526b9883be630e71f306b55f3375cf9e218747dc5835701d51f111b5c6e38312acdf997c77029aee3929baf72b5c7c4d472555bee5de8ac47e6b999e11d17b872c70e2a39dcb53f5130353dcaa4b7ea1e3f329fadc78ade25ad8158babf32ab3fa81b326e56555c468222e2f5b9cb7592a51b2fa9d167f32a9b3ea52bcfff002dbcbf51ba57f71f97c4c14b2c79885b5e98684fa836623579a9fecc39cd4b34971fc4e4f8d4ac947a9475ea73b97d8cbc737cb35c1b95ff00b3aa79ad43917733d666fc473e6a5bb8f14b5179fe61c56fee5d7de23d25b93985e4e886c2952c6ef0a94d7a8b256b9656c43a9ab7b35c414785c3dc69f94c3dd671cfc4c2cdb19851017713ab36c40646ee3ea5899bcc4dda3ad4574d8f9814bdcbdd7cc074091717747ee66e9e744b5b82b896516024b398e0f33463ee5e92ae1962eb5d42f9dc788bb672b9afeea039cb30798e713defccb2a9a098bfccbc62187cd4359dc1c7e2642b50828798dba1ea5162e98b9ae7b8dd673df89868fd4bc346dea02f16c0c55399c915bc6a639b51acce5b31070f0b2d6f04f7ee1b5fd41eb1f32e8188ddd7e25e3cf8e615789b4a20991b943aa975d210d99b896b87ee5f96f98feb10abe3ccacd1716a94262f0530bb738f32b25777315758adccf79f7297fa815056f153243ea7775e7c442b58fe61d504515d33b16b327c7516252c6f2b1fccc6825f9602fa4ca1001c54119bc858385a22c6caf0a69f13344b31d232501a3551074baf51e35529b8a2a41a6526b1744389cd4c9bfacce09eea55ba8e109b6cb5f72dd9671a9777a508beafa22f7f30de4b7dcf788656e5de5a08982b538cdcbeb10aab6f7d4d2dde33e208ecc425d66253599c67329c41ef30f5c7d402b26629456a238530c32c0c1cee35c6a00ec8736c1a5ccb7c3183d10ba2eb31419d38fdcb1babd6e02b830953473f13861e371c70f983755642c6ebddb1894a7dc735384d43c2703d9cc33ddc46ef7d4b6b397f537e932cc00ed2adbcc1cda6268c984a83ae3199c2730d2c32c3986de25aff00ecbb2f98bb99ac6265e1b8e07956599a7e202dd55c51590adf52acd09ea12888595ea506fd5c17a5ae4b9c4252ee13296a32895c8710aad475c437476dc558870357440c6bc9aaf51168a5a7d434badcdc56bd9862f66d9115b6a677163a3cc2ef1f70ba33a8cf64f238bb8f6cd64d4a523822a22d6306219d333dcc5ed8e0c2b11db738f30cd3cc766a18a56e2dd5f72ad398bc7d4a5e61422ee5105bcd46cabb60359a8b7572b0e19eac2551ce7c46f142432f3f338d89b00989717638ea5982860d635165a9c138be60fc5f73b2b0f3b83d6ff151c2d4ade2e9c4df137e3e675cfa98b3734f51e306389fed4d6616ad47d6637afd45936b1abdee53d3ccd1bc5712d6f70dce606f3bea00b971315fcc2f1f6b071c7c448b59c4312136028fc40b0a9288a7840c5cfa8f786ee1e0bc0d40b72650e23d19728580710ca6b11dd4d3eb79478058b6f6c21eed4a1b9473ebe60478666461b82af1fcc1d27ff106ada94d1c90f702e377a8e48d73963869bc4abc8e65777f73279fe262fe23accf896ff89a6713d4bea519e65e2b114ce2e55b894d8b818615abce666b057a869ce4dc2b9c3dc77b88ad2c7054e364ca27e6567b9c71dcac94c79e22336725c16ca4d5d4a01471346589c4e7732bfc4fc4ca52d905beea1933af1c422f4e669f50de35b945ed99cbd4af47ccd17412d6bb789a3fecba7fe4b4ab8d89377f8965159959c623e6e2671b8bbbd41e0abae65d04e1bcc06bc4aa7047645f6820defa22cc5ed1456d6fc470608f92bee5dd5f942d61308b09fb85a12c6c29a788a2a0f3512b5757035d3dcbf026698488016d8ea086896217351035ea68f59331ff0054e7af12d2faff00e5e4959efd4b357f5320a8d7887e23bcfa98bb0e3539f137ee7ee157496f89feccbd7f111aa66a38bd510b5128b9745ba8e79d6e1c20e218da451c3ace6599333a9933a7f712f8941d3346bea175d7b9a25cc9e671c32b1760b156ad71baafe639e31ea346462dd67c471865e3ca711d7a97c0cacf16f3e2269798fc4d5970c59ccc2f337d4315a638726fccc1d3e65e2a8652dbe3898be7ee52f1b879713435aee567b3cc2dc5e62ff5b9e2afd4bce7444f13d1cc6b440d9537ee15bac41acf58a94100f9622599fdcb070f28469d1002f9d9092f8ca6c856b31fad5fb46004bd5c0e43b30063f118d0ae2533a34b12e4e56d8a29dc7035be2348e37b82eae6ca6738f50ea8664e90889ee3d628818e14c4e462e2e6965f6e622bd789546fe257d4f5bb8e33c6a053fa99b3bf7137e60772aefdcd28fd440c470ddfdcbbcb88668e238acdd4bca73c4bd73ee6ad76c34557ccabc661a337139cc323b86baa8d881925df1e20597cc529d5dc6aaaff0012daefe21ef52f3bb97aa7c4e9a8718d6e65bbcb35d5c07a660d60fcc5ea64378f13d406f3164ac12af0a6f72ef39ea26bfb89bee53ee1e5fa6e2bdce5e189931ff656fa94f2f71f99b0bcf986528976982e21786a19d6495bab4ea555ece220dad5f5379178cacb97812c9853986d7d97040b50ea2a0a6b06e545e60871ee21ce36b00a335cb1e08d1d4a0ee3b8294a9c7173163ea74744433f339d5ccf1bea3bea79055d4a0de5ea35e6fc470de6bbee0e6832e665adc4c5d7cc03acce71bf33177d4aef5306f11cd1d5cf69736f14c4b02e7d4aba0e6775b9c64fc453d1da4a5e5c430c5eb066156bc469ea154044a2ebee571a7a274d431b4ea1b72428b8b79332fa965d66f897e1f98bc3573d17e22297a95a626354f899df1d770d5182bad4b4389de66c8f113ad4cf375ffca14f0626d009e1259c6a52fa956b98628894bdc6cf5d9ffcc5bf338bc54e2736b38c770199abd5cf16b3a897301e6387115779626fdc46dd9c91177788e7314b0efd4bf16f70a85726370596b4199b0652dc178bbb977c012e167c5f33500bcc7553d4498bf1106938896eb52af66a03451320f7fbff00e5e6a0e4a7502f2b37a71ffc5cb53a1fa99e7f32f41cc17c539f50bffb38330c7a899dc36852d306cf3cc6edcdfccb76cbfbf30c19cdc72975ae62e0c44be48e9b750af328f7393de25771fb9999ac4378c5433dcd7a83f75739ed8b74d7a8675b9ce33332eef78eb997dee5e465d724e1ab2726ee5dea7ce2190ee5264750f4d4dccd217377b8a738e22e39bd4fa66bf99ce06a1bc0b2b6dcbb456822852f11b317b98a8609a6c5f11b0e9ea5e822550f736565664b3ea141372870d12f65e370ccac86805a182bccae8b62d30a4742eeeb700f1470adcb23d6dccf95812ea8a3cc25c31ea538378c4691ddc0d956339a995fc446ea8979d7cc05be3c4cff001a8e0c9894bc7e671a1adcfc5ea37d625587983c24b37571c2519ea396d7ea1acc1cb2b3e6238bd56c954394b98dcfcd665e2be65da56ae5d7fece2f0c15e0c41c54325bc4c99c67b9843b9e3966e055f0c04e27441066b570d6a62c3acee5df371bc3df04bc653fa8bd938e8770aac416f5883697599762d789ec3b99ac544e6e8b80bc0fe21d9632da5d217f643902675551f0dcc676f32f1e3dea7be60e726599dd928c788a8f88eab8672d9eb3175abea5d5a8c28a80d1f98d59d77128f0c79acc325970de30fa8602fea59a851602c55771147c621815f99e6e6bc01e2c7aec15c2f10eaeb055a2ff0051bb631e98aa94d02df115ce4c7133dca237b96dcaa0b751a755314e0cb392369dc345e09c61d6313ee25fa95c348c705357c4d1d627cd5f32fa7311dd33ea7d214f1e27191330aff33c517d5cc34bbf12ddd4a5e463b982ae67bc7994067871037dc72d5c3835c479be660699f840b8ec3ea392c72b0e9b96f33e7ee1bb20d95fc40adf13e6e69ebdc1e1a867788f74aeb72dc5cadc38fa940b78ce2535dcab16e3f0ea3ce618372dee5e29cc41e601c662bdd138af99588f99e52066b981e619c57cc464fe25b8c7cc3176fc928bbdee638dcb65d578979fea3e224bbfae6010d91b5942d99e701cd0801e3b999c42b1998148ab96f04360712f9d5e83895070a94981a8179fa83d38e223122fb4a1d1a99175ee27d4eb789a5d4abc5e269b311cb598bcca2b2cd6e158ba655b9236ba860bbf1317e2f31710aca562989aee39f7cc5ee251bba82da7e661799bf0c6fc33a1bea6f7a8b5b83635544ace25d6589deaa614bc32dbd6a18fee731dea5e358f50c53533b8ddc1eff12f10685f0cda689b3997662194766a35789d1c4b153ea1574c3e138b8eedd42bdc2af210ac7ea5cf24a8f5ee70194eee18f4cb56260acce30cb53c4c5667fbd4476e3138c2fba88758fd4f32c53975d472ce2e3c448730adee6619143896c80c1ca1d10d55756ccd2782c9bd24cde2157001e226bb1106f370a564f11d5b235ea2054bacc2d2ef6a862515fa859d4cd281ddcab78c2099d4e331c7865f9fc4fc9054752eaf3cc2b9d103b4c8b869181f528e78cc32442b77501e7f328ce799516ee8959c46f550f9fb866aebe602541bc43937304dd45b99b75ea1573ebe61f88e6adc4c5bdc306f7175b8f1d4c1cb9950d25d4c1cddc6e9a9ac33790a974ff32e93988a6f7d4bbbab94a62565c41e9959331cda4e2ec87e6e3e0cff00f0c57134b9fe22f0bceeb702d81a9cd19986b8b95d662e2b53654c71f9273cfd44ce751de317c3381a21850ce67236d92ebdfa87dd3b9bf47b8b00360e886558b00fd4afdb450faae6198c8d8d1ec97585372adaed85840196821c259cb99500f78944e2b286be411b6a98a543f3188a73d47971ee29de25e5c61d621e2efcce66401aaea3aa311c5d989fcc3dc336e60e2a0e2b3114f98358a9a321367144e4ae49a7bf13798ef89b6358c439e0955bc78978c544c55c1a78aea2205ff0ce75317b22518aa63d3737569711abdcc9854a6b6619ea56f2c778fa66970db062a0dbea6be772ab8c479adca4c384c5d5a799c6ed97437d4df88b66f5396b1e61ac9adc7ea6942051ee5e3c4ba9b52ce1735e270e63d4b5bee1d23501e46713aeaf98bd750e30cedbcce36431551177cea19f388950696a9e461cb1830a32aa98ee03a5f529660b0e2ced828c152dfab86e906321109a5df21dfa97e23d05b88a96af737ebd4322f6cbc462360cc065311b229517954c3895d112dc6e7c59e49f93f880fb986dd44c7cc6f9fc4e4651d65c5b307cf52f0dee2abc9f135e6f706b534b922b701bb6a077281cdcc53d54182e023536618d5438ccbcb89ea177cdcea86b9ccb14f2532fa96f55f11c3c771cfe512ec22d563e67ad4a6bcf9996eb52ef996aa5955314b9c532dc04af73bc4ac9dfa8d66b1738be1857c435759266c3895b5b8aa1926f082e67ec8505c2bcceae0f899cdf331796b72adaea3c5cf3f889645838cc0de26967667e61ab671c8389b64f89a1a2715cc1b29f880cdf945391b5fcf9630d9811594ef3c456fa3e751585c8156d4e6efcca4a06ee6e0ca9f0a751a9c0b52f0f6610e94ae65f21f31b34af32bdc71704bde62e6dc9116b33c4d2f5e2374ce586b33cfd439bcff7129af1c452ab9dc6ab3773f691338fdc69262e89cd5b72fa9c9b9cd711c5840b3ccaa987414cf462718821705c3344c8c47e19ba0e2392a177d4bcbee779f57323885fcc6ba3cc2b04737d41313676c6fb21bfccdb9c623412b158b2560e21ee038c31baabb23f11bc5631387be6148dce393c4acf50c7169ffc6c29a26eefee25d44ad33666e53e27187511d42fab9586e67bb861995a9b460b351c877155a8633822e417f7140dd88e82bf7a86841387a8010a60f704240ad1123f19788740640616104baab8da2e0be227da3c259081c5c5d7ea3ec5711c5be2256e68ce0f1cce5ad5ea5b1d5c56f2578dcea63fe4aac91712dea2e5ebce2102b5ea266198ce23fce3734b3ac440bbd35c4b85b57a96a16a88348c4ab0797a9721437e218bea0669c730abaacfff001e754cbcad92d624c39b996b9364eeb898609c5cc393fccbeff128a5cb1cb06eb139d7dcb060371286cdcd585ee1e51a80de5c1d4e38c4afa88561977b098d9a868adcbce77359ee38e73d4abd3ee65310a53b8f8c750a6db7713e99a7df32b0f5e495bd578867a66ebaccb347fe454f2ccde7e268c11d6d2f89429d4ec27a9ca3c4ba0310fe12ca95a8ad86a55ba8f846422326994ee0a003ba9850b8439825cfc36ca02db02cba4075bdc6bbd52b9e8979b53366606abba98529c345181416597fec4b56a7061365afa8c51f5051a7a82b07c5ccdd598fccb5e3935016f1ac4ac7e65f27ccf63507a9e002d94cb44d3b874153b89851063516597b22818b1a87a94b0105a359c347d6a304cb7330dfc43c928de483645a9b7831076d732adec8a9c7ccf2f7a9a3f12d481c54cf5a98aeea25eabea15cdf98652aa5bfb800cf188505d65262b22dc6ca08b62d662dd9530c4032c0339d620f3f12b67c442bb8de3f1037b4cabaf98f8fdcaf9e32454ad27ea69c547298f92536f72fb8c44c9a9438994cdb1cde335a9ce9fb816eb3ea68a6035387aaea537772f00f70cb8bf88d5732f343f50485972907054d6fbea58f116ca20f888096d789ccae7a876a18c3486d0466d95f11ba745ba0ff00b01af2052df3f72cfa7aef81f11512e062191696c41911812f364e398c875a58231a8ea6e0df3f311f308b78dcda2606a2536b1cbfb9400c84d49656b873a9984c5c0bcebfec6b1a85b06fc7518c0ee8c07bf6f66bb9540a50d56bcfa8d693c1af996202f0351a05af9d07dcbc24e54441b4014e50f71ae701d4679c84b02ead98ed4d39812864205aca86c671701e311b71f78956797c4bf80d12a9f53bce7a9c72b0cb2c401772f9370f9712def10539df3337714d5f329a59e62e2bf72f5d90a77761c47c97171d9d4ce6c037880dd59072dc5bdf10078967809bcb59c5c32d63fb9f3e23be0be67692c5cbf500a5e67fd6619e3cee063536d4aa33b979e65ca133987175e2724f9955b95bfd4074ae7b80a7e6653fa999389c91aabba956dda405339818eebff81c003470c08013419985fade5e539630b410cc97cdca3ec166bcaf506ed8ccabebc12b3e1b8bb270c4b7a98ba6299b78353cdea799c0a398362ef882349994775d40dd02eac2568f14611c9c1fbe236d182740e2eecabb875a9400a083f1e1839c5b300baaf505445e25ab43bed1e8d86b3e622195f72f3a3eb5392755024e6c4c3ee57add72aaf3a97a0974225f8509626e0ac23d2442701b610bac0cdddb312e7c5f9959afccbcdbf510d5bb96fb9746597337643bfc4afbbe62d60fc438d251c5ee159f1dc5a38adcb2ced9c752f2fe6e026662f9b61b95437aee5e1c6bccd563ef3361af3dff00f12b2d4bd5e0c39cff00d965366a7e23a2f9389d082b0c3dded9b2ab51de1a983dc6ddcdaf886719f7128fd41631b8ac2f82554c9ac3098bb94fb7388dbc41be4a980dc0b31a99a59445a83c567ba960b533d438372df08cc4a3305d3c0ba8420766a1fcd9483975f1184e37e11d69cdbb5999f395352f91c1bbaa9cf435dddc0410850cb141c6db8571595515240f52b2b15fa845c420bb2ea8e575e254a5bf2017f1a388d53b311b2acabee2342cc337d4b6bf3282878994af9957037042853ce260bd05ed840a3e6e5152076aa3ee08a61e35f4f3c405f30341fe212a457d9ebcaf2ccaf8ac6ce3d3cc3565ab14cdb058db9f1305dce6bbd4b79655a752836ce4f32cc75737f12f359a0b97679977d42e0f35a8b79351a4f31af9472e63a712de67735ba81775a8362e999e7ea561a838297e63c273acc3a5e3a9472fa855e752eaf37dcf1788df2941b089c6be260630d6730523ba965cbea5d399b3b97de6b99856ae514d192259ae61d8bea591ee30a36cb123e50db9c85cbd97115e0c1cf734ed850ba9cf6deaa284b0b20a1bcf30b34f1cc5e1f72f05f114047922405070b16e47ccb5e68f10e13c0b1711923ae10d30b611c9106006bd465c645d4a52595b0d4996be608a889836f4ff00332662033cc9b55ccd9aaf52beeb4110745f70555472d97822052a9c54a284fa62d34aab4a29965705fb882a87c32e98cbf304b5476b89ae71b82fa396276751f2b16f07883a6bb32ae66aedab3ca628ee0a3522534b1ff75308487a519bfbd0bad430c6509918734fcf885315cfdc0b64c66eec255868604ecc330057dc1f351cb44d09ac750bc5c2fdc12b05544c5c7ed3350c8f717a8df954508c359f10282b99c6e1f886c8429e69f5382e8a98326d2def33b2554ef72eb303d9f138835b966bf7068b2a6de5851cdcbbf3516fb87f135d42f5af33bb51106b1d4059766a5a5bff0020aa2d9e62d98e08aaa6a08050979bc31010bcd4c9c952b32f8d4a3eeef714a5e59d1f37032dd9e22a0ea1843449d8ee1c3f30a311e03170ab5ad93050de74c650aa201f3bc660ba9dde5fc7f51941831cd796ff001ea2d161c947f28c1dbe307c4bb098b4fc6772dce3968d365f718b2894d706bd3d47a0245180c59f3185d00d50e43db31eca06bd97cca572b170ed26f06ab4d9af7e21c065a0880af2955bdf2629ec7abf510414012f51b5cc28b98633335b3aaa94d82a577a5bb631f3fccdf1cd372613f9be603825af2fa99ed10f99ce7712f647462200bdc12fbaf10eb9e2e3bb4cc0e0cc2cc1b9d573b9ce712f25472b1d510b3ff20858b8fd3dcad15881d70475ab878399cea062d289759d5cfe78957555033a861b11ed9b7cb13efdcd1565f7cc6ef0d13a19b578977fd430f559a8f8f9818ac7ee01cd7b94af823ada6d70577302d095cd55f5367cf33593ee5424b2d1ea0558e710990dcb335ea166453050b9a9d1af706b0d6b7002ef2798b60f12dbe884580ea1ae9d6dc61cce20ba2eb0ee1481fd0973b965fe50f5283198310dd9a7870afc4174a1c3f0fb600a53dcc9a170d17082b30ba3f197b374b5786559023aee77b0b798a50cb26613b585e775dcda5d60a98203d6e59b35b3328e194a6a26d613b25c7499d311205068370070bdce97366739940c6ca94ad515a5a1b3f9f8952de758e209d6622ccd4df612d9f1294b1b9a6ab32e1d1c4e7c470af10c1d4ee5b38b6a5992a2c0f1198d18dcf245e6a071cb2ee982dc428bed2ce022ade61cb998bd7999c531b3158d4ab3d799ce789c5ca73cfc4acdc0452d5ee3cf3ee7a9bc3f825dd9a6557fc86731562a0ef8fe63c305dc6de27c854c81d73068e61053c45b7e65610670f30c0d286a15f79a94790e217f64b67d21372e5a6a182eff001387305c6a5065fc4b1dc4d54cbc06c6c9600db8bad1005d2377b802a140e7e638655bf2ad3e5af94180001a0e0251a5b5e58367a72772d4f01e66aeb114a361cbe63d54a578d4d24a12f114e6b0bd15c9161e05ac3cc468018bd625d832fb4cc4a9a3d390cc022db99410b2eef99703597ab841a8c65941080c6ea683ae25f1e2268c494270952dfb1178a2d5f887132ca9e536bf1286dd3b87dfc4784e201b3f336cbdc29fa970de86164e75f98a647d47c250e095a25300e5fc4cb8a6152d61d457035383de67a712ef16ee002eae2fb91ba135cce436caaaba9d81ae6592a9ac0f72bbff00e2d710eb98165fea387a9e575068c3accdbf3537ea73a9870d90c46ef2c754e625187501ab751dcc1bce388a9dc0d0bd4487482abd99b8edb1d7d4ac52d7242c8e5bb82afe6259a3e2715f88323888fe456669aacf1e665db8f12d035cbcc5ea5f24226b28b8530f6e4ca9f2b7f12d5ba63c45435f2ea5b7629e2b8961d995bb0cc3f0506776db70e20f0f718d04453b4ee36d514a705d0fc4491853bc19088e5c178ace3313d90119fe23b8c2c2c0e4996a85a844159aba99141c38b884a0280f5dbd4da2eda0f72a12b3a61511e01598ad6954340fa9658861be43fcce40bf30c2f7d44723c4b8c90c636c37c4536d0f70e97cdce306a3c353cfe6791f98b78b9faee083b1c935ae7334daef99c6ee05e58cde18e85e38c440c64fee6e3f532835339ae27344af682bdcbbfea1b2895d6d896ea52631536609aa68d4f3c7135e5657dc3c7fe4ab601e629a2e1def1296d2e41e895a536f9635c658f1bae7dc45359acc0ef7dc6d6e5b294dcc6efaee793bc416987ea1a0adc78ba732b95c4a8ea525af3e1859f16e3eb512dc399706f1e1821afd452f257ccaf98b41a950b4f50d5e9332b281703143c618e86ece704c6511c52ebe63761a357c445f476d02d3c9a8bab12cb03a8d6cc5e114cf82150c221f9b89543931b707dd5cb6081fa5db704b85bbcbd7e60f5b5279017572e55a41e56557e614c032d0e764b52456ee5d64cd917825637997878fda71002bba350c30bcaeaa30adcfee52e7a6575d034e2812a706032fa4cf931c5445e9b21cf9ea50266e69f1e2717db117790be20dcdf1f89b38d6e181dcbc38ea521965d9b58e72d5cc94d5751aedb66e27e273c4742d5fb94128815662b7b997fe4139c1291a0a8976bef714382164b4b80544529111c3871f5054d7b81a4c1625957ea20f71c817304ac9bf1016569896067a88bd45f5500e6ffb9c15b80ddf32b1ac4452f99c79f32d439eee2c8bccc38de5e239cbf50660cebe4958b36c159b42597b545ba744b4f0c28c6c399c5dd4b6d511dd5e78c470530c11aa36891b323980b1a1adb60fbfd42ed21a80f12f2cd62f538029a82589d2ebe6364c1144aae79e332fe68e1e117426ce99864512f93dc72015a295c7dccda109ee2964b293974128c83079407f2cc300b0fb40fdc721a5ab1ab56e634471c9dc01142948802af061994354e0af3dcc8e65b80b97f33168e69e58f097975c4a1ea5bad68b8d3ac472adc6621ac9194cea3d867cd4a07709c6fd4770fc0c2aa6b4e675bf2cfef70dd215d479abb993af98882f52eca3d41b33304352e0e0cbec4ad48a08711184d0bf507c98ea045ad7980bb53303f1b617593d5b045e2f88a46812cadccb30f3a8f8c7c1316a6166948cd6659487b9f54f8c44d2bf30a8c65ee5b85946bf31a557dcd1965db5f99fea94a65fc41c031028318eba82b2f8b9912ab8c103763326e701335c420f50be6e6b985bb8ef87a47017285341ccc2ef44058d4af7adc0356b148324c68b6bd7ee5115ed946d3cb72a66b9c4a1e2ede674555cf128afc0502ee2036f2eeb41f50489c0311700beb9cfe259c2a55243c54dd5ba4082abcd100ae30d57ad665c8d02f14ba80814f3d2947e181e5b6d831f4532f4ab36c638dd4cec01765ae3f73089e639478814ea8503b870c1c2ead52a11c0e0461c97226aa0025aaeb310b1424ada1b06fb7eb1f32cf656c212c0588578bae21738f89539b330d283aea3849bc6257646cea6688eab493439e261369afdcf3ea3b66629afcccc55b136359e255d02a3ae49b964ec61d10f9956950515b102619ea29cb67534438f728689ad66060efc41423686f88e6ee3545ef984cce628aabdcc375a8153b0c45811a770aa14a159c54725d32be255536c18bc47073551ce4d33033b88bde65014ccbe1732cb88e6f8a80eff0071061a2996f8803918861d4545f7051ea28f163c475a2072ad04a1b4a45f205e8e7b667357865f86123d38ea30a505d7cc766422836183d639975d9c6ab6cb30447065122a832e155eb7056c69007296854bc5ed3a6c12b9a3998e8302b8ff007f71483b7ae1412a0d22a156f9877962cc0dcaa0883f3a8da2742c58b0fc1b80312889c95c30046df86e9874d09728870c33bbfe209d0a879808c3acca1a18d1db2cdb4b7cecbef1f105e2253c0225ba893248cf667899177999d61abe65033b60470625e74c35dcc563996aa1733a842eaa397188181f153406e7e25f28dcaa2d77198ddd462a595329c938843b8c6dbb8b578665671c7e21c16a286420aca7cc1be0351180711668a5f31d65973e65eb1a80c250ba65f8828e2e5086971894b7dcb36afa8f77691165b1e239576fea5f90c7112f1e639776731042b789754560898ce0602eca6a5e345b15e0c382c86318b94307f1154b9b2df1d4ad16eddc0c643e655dd541c134cc9ad37370ece605f105e0f8896c02d794fd031825cb42b3e3b9535ae2a609cf70b4aeb41c43c6b588a6dc7ac7e6187965e02669c051eaf2c7a51086a99fa865e26311662c8182bc452d5aa66d461d4a5175fa9fe239301b6d1e565b32ede4ff00c94a205b576d87cc30216d425a534730f99445206bcde25c464558155750480b54beea0283a094603f70b91ae0cc697c0613459bf7c0f953f32ec4bbbb36c47adf850c22db152571894f0802a6e086783ee337c752a3571e45cf6608e56b1ea1baeb98eeee3abefa8552f012832e235dd798556f12b598ebda710082a56a2069a3a9671cbd444e25e73982668af72efaef105b67b82397e20f18ea1523af114f08769e18810349dcc8b3ea5f79afdc73862635f11136cace7128406aa2a1781b87998398ed3af7150d7e77151dfc407b897ec97953896f32ef02fdc45d18d4ae08dca186df71a15962258c0aba8ed85895556e3242ba85ac3f534857b9e907d4124baee01c90e59d63cc479545b7bfc11dbc60eeacaf9958b0db2d5c2b41dc302eb59e6619e056750f3a8ab8a3732e971a5d5437974188190604bae5999e68187b612b447a350138f749a624b0486bb7d4b01456de2c8744e8ef46e30153007a8ca234d2ee344db76bad92d8b052ddaee636aa1f7700a7a4392f7c6a0720af2ee25dbe0c4d18201ab747d6fe621532b6ba874f150466f5206ec3091d5ba3ee19bfdca668b3ba9b1e60cf17028cec731aacce2ff539b7530e25a8e7b8a2688bff0023b68fb8dd6673e39847803f308b0b65f46c38943384e7a88b86896be2cffe00338582e118ba2f7361c62dd45671885ea8bea699e364742b702ddb30b603dca153550cc2710478adcdec711712f751eb34a7073331aa15783d41a5b9b8a71771c35154a79d47161f12970f980c68e4b20701923a3f151e1398c8814eaa50d58770caabf7289fa221455ee2819260ce25bc383215a25fb1ea0e371a54d0f98f1ea5c2a9fbc4b92fc3dc34567f88216b5711629316f10da51c9d1698caca856fe6585383988e1b83d4dc64a72c08cceafa82bae0a7dcb8788089640f77bb99840003ae5f044b51aae762fab7e220283b1b1fdfb9853e381c67f31d2acf9d5db0222d9e459a066dbaa05fb8b05e4db2812f7f5997a36517a1e3e20010d17b089b734b2952605803f112ab0e622bc3a85bdb5af53050b9371339d799c7115b7b9abfad45c63136c7dc7cd278dc55086f19b95db89f12e93170c3af4ca8c873128b69869c92ae0500e138730f4f516d692af1a825813b313405ff001156f71d96fab8b5fa4ef98c2f1cce85822286166e10bb324b32fee58f0d3c46d326e0d129adcbc7418de6f30e588cb670371f8ee05c2f3dcc8653c40aaf5180b88c946260c2ccdca462a5b7705b254720cba96686ecb805d7d44b1a1d4da78970afc305c92a177f2745b0eaab0558efdc3016c38dc34b57c4ad747997d1c78e2e2b29954c4bec0ca9f58fc5dc67064021acf32d43683438989e12ef88c06955860d3ba8c4584398f75e0c570e088c795b8dff000fa8fd99bbe7f31e8410a2ea931336ea7a0b2009cfb8c6cd38b885ae38e2182d602ca8057dca3d577dcdaf3fe4f347c46a46c51728000a007827335a97b90066b9880acf6b683c7516d503b878416e6017fd505382e60a3994df1e262fb7510d7301b6e0d1558ee7f31d3353158c443975e21ac71994d826225ac10519f72e92ee3bcee221cf7985e2b3cccaaadc428fea6d34626057ee394e8c431bbb8dae1b94e2f1ea079a711637d6a255906b733e22b586bd4265c3029e0be261a33007196520edcf318435e603db71258543cc15530c46b516fa9490071d4a15649518a2e1741e62b1b60e0a042563102d860e8747a85c6b22214f0c879251f378208b9b8ee0c55e595ff8a02f6a1c5e7e2a0b51dfbe204514439dc04503c40ac23b1ce22694e040896a26b8206804569db138090d078f40d5d3ccd463db0359fcccf6146205cd2502c324ac2a49a9614a1d0f51fa6a0ad0f897d5d66579c41fb6c8af3ff2042d473669100488d5437595f3bf72e14bd4f6d57e214a73c531f9d86ae4ff00180051eba21c613aa98326596a44b5a79813461578a4afdcf58acfb862e0f309d17e0811cc43bb8733fa838194eb9895ea3bec961de61b6207925cbb83d4b56c80186f57704aceaa6f7b65e0e1c13089ed89ba3e204705115539cca7cc0d1764af4a671a2d95677291c6aa6edddcb565ac466a66602c62149042ad5ee72591df1e20348628bb990d100c2df711936c408e6669fa86aa03cc0c5f6772d0ce68e987080788460a7175026a9e206614752e4be38bdce7e1dc6ba68d45537a25817010e34352a2410688a7094123c1a55aea578d6b76c525a004ab6df93f30a1089d5054302b2de48e4afa1e600e06057856ecdc41acb29ee1659c07cf31632b9a58963c8b8a9287647025b77c32b4765615f7c4596a0857846557144070dff731113d85af215a0f33223099dd5f18f13575781136faec0b9596a7201ebea25753a9d85eaf1dc683f94b88b764f2d44769a45aee50fa70de42f531937535831fee22d2d4c9959430a0a0f1038afe619cabf1038c0adc2c05340bb4cd4cc260ae60b5ad773321bf52d66650dc2b433c43cacb8b8b2ec9bef531e6bcc6a150d30b811c4b228eee238d4ea380ccc576c9285a4b7451ea05bc9990d608f6db9fdc5f266a65a8b6ad960eff0099f9f31777f738ba9aafee5bcc7647f35c625669e25a41deee65d9f371cb5f88c676a6e202397ccb59558cc0be9ee600cbf714de575cc522bc4c4d904c5b3310b846e1b1ae45f506b73b8ab737bb44ac7b8841b4ea209b2e3176d6da94ed02b12d182b72f5658c5405b68599a259dc16b08e0dae5e28108d3780f83f7003b6ce35c7b8535aaaee66da1fb85a20a8e8ae71a8405e87b60d920152f2d9e2cfd4615abd3e2500d5e639c8b52c1e34bb7351065a28e42b998a3b758e1c0b352ef004cdc1e546ddebf9c8307502af78b6f3a231117207c3d4b10b4129d600978e3d9fedc157aad5b82875c64495a972a2e2a92ebd3f135f003425e52fbde20505a93d2392cca99c683f70d12870c84ef5ee6adcdc0d5f1cb0e45df3156a10c7695098cd79b30cb38107a84eeee0a31ffc252ba8f99dd97316434964bcaab6a3b42b716758dfccc3219f9808ad642f4f357069e4d4b263116ca88cd671321863de22cbd8ee60ce655d6b32987cc16eae5df7f5307132af0928505954bb9c97b879adcbe0904cdbc75155df530b2bd451788bdd49e6736d402dc97a267b0de4dccc01812bc6cce3980bc5aac86581a4c92a31402f245a20aa9555d4cdd76c0d0085119b146cef7307022b52b2f2660acfd419a134ee0c73985967eccfc4003035c3ab8ed68779b83845f897e0c38cdf882ca2a9b1ee08dd66d844a5bdcd7fd82d0db7404045c38dd5d6a56b307adb98e89782b8cc588ef315516737d793cc29454e4a51a4c372c73507c6561b13c7e02a1d20440a7a524b23c1447ec5d3023e58be83c32c1529496b5dec98a1376873deb128df9c294e9ee258094b200bfe600d28aad54b18da671072932e00899e8f10aad08724b912f06c178fcc2db97c4e6b8f30df1f2c015dfea7aa76f3ff00c550e205df714418b86ad6514aa610a594724a2de75151595f133dc4359c24d9ba6e55b918bd661f94e5fa0996f888727d337c15ea2d19cd42d06abd3004e2fb8eaad12b1777707137bcca1aee5e693f304a5d438a5dcdddc4fa12ea0fe0dc3e85179dc40d14aa6e551a9d1a8c9c1f218a5459c4294558b8a53a42c9a3ea0383c54b01c732b6e8ad4c34c319602ea20502a28713c692a22a95053abae205360d94680f2b08c6ae54ebd62ea05e2c12525eb3a370baa52dddcd16f1fa9a32ddc2c4ed5f119ddbe8dc49856e05c297335fd420214253578cc1305ad9874dc3453d2530555518045307091cdb01032f38c281bd959418cd1910e3fa6345a7a8e2d53b771db69dd3f118393070b2a200a6a3e8e664d56cba7b8a3456f0d5261210212b3706caf1466f7a8e0f9884f70dc1c547328053d3dcd9546310b6de2301dee3e5acc555172ecf3cc35ee3a943f33659c90c7aea6b55131e660d3512dc8c3a27accbcab0189e526fbaf12ac6866a5662757ea69c4a79afb99f10c7f08b4d3b7923c31028c62f7ffc2eeaa6b5beea1cf3f515154ede312c65219b30eb700eb862e5d0891aad4000b078dcf00ed7a98f07bb8a5b6b706a1d3dc0805ddee0dd471ea1d6823a5fe08d01c9c9d4d6aea31ec85cef4009730a814e5e7f3155b0b2231e286939ac4360450a2b8cef1863965958a02847f10b2cdf1285358cc37b1e2e715bbc4b16c18730f52135aae6525ce8b730d62378ea118c639d972bea30258164a71e65532c6f5e60a59e4f72d186aca8258e7712a2b2ac006e6962d5ad3e8fee58b1c4aeb620b7c314ce82b0ef980ca4e397f3999baddc56472383709ba1ec3bfb965e369705a0b170b338e1b39983e798645d4aa74be66416eb3fc306640578f4fee008c0fcb36f2f5382ad8a2d3317415e6146198b3a95d30cbcc0ce2655d5e20c61c7516cfc4e2abf1073d11754dc4a8ed0e38978a652fa9c144e05da5735822374fb8ab8f70c16699e4593deba99b8adbc7b869cc756d3ea6cb20596afc414675d4bca738c4401413c129a00dc141b06a37235cf52e855703b8e6c0507170faa8a0daa200b0c560acea362efa8e0b8971ad9d306cbc35324abd430b77c44a72ca0cad831bb97cba5bc4b1159be59a80badf130685abf88a0b96c07975182390f833f4510d8bde2a05a36ad5115e9551391700de3c4b29715a96099cf271fb98bb184d0711e5970a4200aa3004a5a09b4e14d9076ce70b31dc7aca045596fd4c0562bbe630d74d7170e05aecea1a77b0fca9294802bff0061311b6fb988902db68a9aa5f3cdbdd6df10db329cff00f11492a64f105922b61b0c1744a6e9a2f3aee5e860e1e6302081cc118ce4bee17603f11fdc2fa8b60b608f634de8961c7473333e66793888ce3886879ea5761f13a04ab2b1729ffc975703623f11557467f1285f329ba77302959804bbb9871aa89f9959ff0066685f19955dbee35504ff00d8b074f30318e655bbf33630bacca131bf31ca3c75029d4acd0d1b8177c1d4bd9860215dc42eb9868623ee52eda798d18b5f8820b7240083bb311b1205724af0985e63b46efa2663973886abc78982e1d41500bf31514398af36e6004eab3292c66e5b2e5a9800a7f267f528af5d4252d66a316188a99d5e28e8bed6594c2506ee882a1ad705c23cb9076fa9a5fcf3717c3f530085eba8637eedfdc22b6140c9c8dfaa96806df98357804ae59548ec72c541cb9b76ff0019978b280ec79825501ae165ff003308a136772ebb28fc90dacf09cf965c902525713175d4367f8af71473289f805bf32a1dd36dee330072ff00d8790619a9566ee44519df37478800170567ca50ac2fd3dc7e45e4e1e3f151003b4a553b10c191bee2cdd7fd8d0b0c88549215b68cd63ce66500db3b853d713c7231c375e61b6dcc38f12f40fc4774546a8c87138f1066eea5b931108eb1f32a95981c152acc6603afcca0ea37bf32bcdde639a6a7ce4d4c8e3f329aafe26ab77fa9aeafc4bf65cc62b52be09c4ae7963b7cc3ce47710192c8818543e6cea32a28f51fb543b996530166a246c56496c028e586b47b7983203c54af600863982dadf8882130e2e0586b788cb579ea7e5a9828f52817cf4c177f273c428a55a9f1002da264422425a25f2c32cf0e80314fbe250208e6f5118cff007b956edc14bc9ce39fa89537c0e7cf704d8d8ba22a3cb057d264edc7ed8c02305d6c29fd57c4638326cd106aaa2aabaea040a44580c863349379b85439e2b9bed65cc13a1c7faa20676819567005639f9710cd8407355f11d841959f6f88dfb1822af2fd0ef73621db6afe0f1a8fa202fe23fa6abf0259b797ea629173141adaf0c58a525674dc109bba937ff895ee739387865487294dbccbc8b208b11428590df8966d461b2dab861b8c566f3825ed283ccc8f3060c7c93976c68c986198c5619ab7bf1a890533f3186d87c4b6c290e293c4355f987ada6ceef712b5cec82b5bf71da36d5dc077321ee0582b3914e20dbdc0ce79f301ea14b6cdcc239df529af12aaa559ef10cd621782e334f3713b8c769dce05d13cad13078bcdf47305fa157e6e2794e559f68d8a5c5363e9d311ac76891c30aec80b9f925c72fb88af1195adca458e92771b5771c80ee56d6a06e0ab3c4129957a11863c15dc73ad373318392e34551c799bb5bf18306d251ed0340db8d1943dad382cc19d1f3b86f5376a9430b03a69cc6946bb85e054c99f01f39858132d9dbccc6f47676139b2aa54c712aa25ff003094203e50d8f86a38026230aad421d418c16df6ca5900b54fdc7335343bf9f042ebd32b6af961aac690cf1570590a1078e40768b2cfa81d21468b6c09bc750c9a5a967ea22574d4ac6db7c4d8726222f1163d303d847a81e5063ea035e290b96e7979e2214d706ae115c1c063db9e624348715d93378fb887d3103a3d42f179de20cdee3f2043825306e5fcc05f5359f100b58dcc1be62df1a9f94b72c4c77e25783ea2a8f5121646dc5c4ac753c0c4d98572665d8b598e25aadaba9ad3443900b96ade3a870798eb135a9a544dea77e0f2c42385bc53c69fa963bb6ad79b662f3ac252a71134287042ce437adc119594851f5711069ddf57247b3383cf93b94c32d97dc529d95d46b1e2c65a67e232c733957cd4eeb502eab3e63a1e7dcb0d98d79835af103dab4c460751ad03ccbdb0dfe22b28c1d0111e9e13a668cec435569fa60156ad53df4e1991e1d9acc3145f8ea33e0ba9a6ae0a2940534798495402d86b1a88b6711705cd9336eb23aac7b89496dede36dcb17aa2a2f6752bdba0e5ee52712adea08bc89be19708a5986755128b33916c8d6f1711452361b7e1e603ff0015514e00f56988ef2214de3ca158d3e5889b36fbccd8d37a99fdcd4a33e67cbc9018cf83e4ddf996420a731b2f0dabee0685c261f72f5b82ab9ce61a042133bb11fc0a7751302663766b1a88aa958270b529dd42544054332a09b966c38efdc5a389716514b3b59d662b99618aab8a50d2721af72b923c91f4fa9447b96bc9f0cbbc946772d1a4c5c1c2d530c6e92ae1a62e513d47641e38970280b616fc9faf30d3d559cfdff821e142e02cd4a1358e6258c0384475860edc6f994375a9419c750a140b1fc8883915d1381e18a82cee1dc144b66c8ad8fdcb5ce7a96598305d30752979dca2f888283f50a59b8c25603ee5a563a4c16752db5d3770d625e6b4c1abe78f70b30c59b3a4e481a6f6f88853ddbd910091d07315686382c77596b221114d1f0329791388e8c434b4398329b332ab8afb4c4938a60ea883540881ec8b25544e6883f30203d6372b90a3656db6bdf11c05cdb5b6bd10c5bfecae33e20363faf31caceb698185f70568badca6c05bc75fd4a333aab98818e7c450d3913f729d4c0b8788badbaca3550ffb21be995e53656d3481142b51c896f1ccb29e18dee03051106a391302b1ceef2bd95702531e9b136004a15b8f71c95cc55763c4e0a54949ae0c4543357137c573102a7733b357e6235efc4c128fc46595fa9d0df5b9678a25796a5566f11bbba6bc4a6b7778a66792554a7986f3ee62f375133517f6d6960b6fad1e6a62cc0f97b4f2bb59ea7544b77b85ca0a6ae2f62873dca1de3c400dfdc2f8d4e21b9ae6550f9b189629dafd87f30e9b57cbc92ee4033fb88961a7b97b98ebcc5ae277f30db7ab879ef552a15a96c56201577dccc12f4cbccbd4e3cc6a3d849436b99158f99694bf12c9fc457761dc36e2dbe200223f101bc37386b113ac393c3375970c09348940b5fb621ae1cf329bb6f99668fb65da9fa834caaee5972d08b95957e460b0494db99fcd7e203913649808b5820073c17a7532839d5d35704404c077006170e6f97fb97b067704a997908acec0ab6298d14954e6334e084ee8d5188f06c617a39098b0377a7e2565d46f19f98212b9d01f8842e1acf10280781c86a28143ecf43e219c15c7111a053c929025fc45400d44161a8c5dcb3c9ea2ce60950159c8cf2baee2978b19453a84dd2aea12b78eea552b3517b3ea253556473a09a78d6a0e0c7dcd97f8803a19e841c0566595542f99aa176322d7d9b7e2541c84a02943a9a7f732e251d648e63e4f701cd6333155cb98a8e0f139cca276e2abff005972a2c505dac9f895ba873dc42abb32ac545dcf2659d0fa8142a050d2f72e05beb32ea5c10976453281057040e496000d39c4dc4708d50a9ac857a206abe4ca1fc4165ce2d45b6bdc56ec45c4c2b0b3b9c847a99f171acd557984fe4e625ee59c176ca3806ae074b41c8a2e136e31016ac56eb515318baac12de03797354ae673c64ac0741c1e208fb15f66e9dbc7860aec2bf045bf23cb70bebb6201022ecc335e225cdab26cfa8ad972e944344ee5a288bcc768bb888d17c89aaea22b0c0cbb3c7ff205171316ea2ac3b1adfa8889c6efc4d546dcc3b8e288a6cd526c76403b61e12e541b91416c0a0ad79827375f31d794eb98a4a41d67b8729c9a65b9560f34cbb754b8c03c4709c54c8e5841b882f054fc4000af9940d4556d6352eb29f72dac38ea0f6b1aaae6191680f6b47e619c0b03a07f305a3325d1ee52f0ee1adcef35e6726861b73ffdc5e6e5d992f315edacc6ad0694e557f31712caf25c6552cbc5f32b05f130e3ec95832fe251ac0b7640c210e37306b313e650d423c4c19dc03c4cb36e5885378079b96c37cd1e1d232bb214a466c561bde732d74d0f72b1a864e7dcac806225b8333c94f1e6217dc9979ae3c9eb11b82855011ec355e09811ee24774e1d4251e62529e0c4430335e23b052de209856b75c7fdbc1e6500a9403012f07eb6f84047706ab28fc7dbcb08020b0ecee12555cadbf88b93db70a8b1176900d64732953f6259a6be4fdc54c0dd11611df7350fb844b81736f51a90168742540972a5fb4ad6f8817caed4052de7dc5aef18efa3ed1f351551af712d49afa977f91038a2675842e91ea702ee0a7a273c6a19c0f99f8f99a32c438bce62d7f141c5b7b884c6651e65aecc432e0f89933c6e6187dca380a8dc251eb1cc5a9e13772f1ee336e9b62cdca159aa4415ff005c35f42405b670511d349db2a681c573dcb6ab2557ec098110c5ebef20036d2aa3860079694fa26cf9986cef7e25d25fdc6cb6f130df55016c298969a71191056ab6e3cb8f52a65c68f316b2f571235c4e830d62f1031baa8b9c388eca71140f2cb5eb3194519d788953b14d0ed78982ba5663ebf9977ad16d17f11f1818a6e5a02059dc35c12c791e3e26146eeb05cbc328cda88e58394a87c408c52c5d3d5b1b521583cbe2623c05cc9adbadb3209549be5cc3598abb29d9b00f16eb5030c44ec36380c0db9eea7c0ea055df8c5429c555f7bf8970959ac1769a0ddbf4ccba0db16f23f2c47b163cf88ef47c74e8fe4c425ad14aff0010d5701922646892d03d4609bf34fbee31b04c15ab77db2c6d7a39a860011e18e1ecb8e000d65698c0c8b8ea641a7894482150e6c8efe61bff001b6542ec3328d68d1feb97db9b8a4144619ae6d77cb29c2286fe1e2555d862c96530b78a94d29705995f88a2de3cc4c37bfd4a6bf306aa05daa2cbff00751527f1ff00cd6b79b332ef265507199fe7cc70aa451a33cf30e6a96a7966d2adcb403c662de5b62d6356be0bbf753b0596727d5183f05bf10fc0fcb1057e559cff001139986700186767d45a80a86c73077b30cf20212316b5b71d4b7196c583f2a8ea9a600f12853de48a9d462d8d0308968367024b79a6763d27911273547887a9ba1ba8cad1cd87e0e251f18a498d73edb97d0b6f77b8b8e29d4a53ee00dee00b4bf9a8b65e7c5440312ac2557b832dfa84351634e3fbba864c265f90b0dbb9074f12a41b2ddba95b141df318d14250121f097a3af6c6952dd96e7962ed414b555509282a770b0709f532f643f59fe226f8fa61ee19aa81b43d06b88b67f3664085841445355cccefc996fac31e1ae7dc1e098be82ab71bf315a31c05afafc92bb3b0622c2a6d7554c2b2c36ddea85347055e617eb0ebc4e0826ae28616c10c21b5cf9982727534ed2de28e2a5c3bacf470fb31f315a83423a7922d95a31c931269f0ee5a2315cc2468bd4cfb7b69a3b7823e359055bea61722a9a1c4c515b6f6c329da52751ed0167f2942588f83d10ce5cde0876ae45f50307616254f0e9e0ea37802d49316420038acc55c2f52c6b505eb511506957ff6357af88adc562dd4e319862b114b8ac752b577029a0adfa974eb07c4fabcdc515953e12e39f64a5ead86a80789cafe0211a0ff00b0f6a6b300a17f2904bdb6eb6f97f422620a9daf96f065f52bb3ec360ad07d0c406b3db38a31ed9e3287620dac2f27144a2a11126271d69f9880a86ba201ed1965ec2717fec67e6613388b0c9f705db66a586a081ef5894c178baf8276069db6bdf505ab0d3d4b3bba880aab80402d316157738cc1669dfe22c63f12eadf6981caf8230245d797fd4561b2ff004995c3530a9b5a77098550547237c9319797700d28440f36cbcb418cfc441605e21ca8e3c41c4b6d0af133ba5a7a620565e3150d35452904a4f516a63ab5655e17081b8d9c1ab65a5b5895b45870e6d9a45b17d732dc64b2dd58602d57d1a8539a0b52e802b58ee5ed02fa28d3d63f537a472e3080254ab933154bcab3c4222f5f8857407c860536d08478b31335316c5f2acb50426694687282efb31888058d7412f91de7d46e92b8b43e88897c516fd9c3d138bb915f6f309b5d87512a7014349307a96cfc1e05431deed8c48ada206f5b996f12b3185aaea3e285d90c91d2ee24f336522377a58b662a2d0665e2bbd91ddb5179822e60ce0c42fe2027fd40ff00c88bef500ae96a55818e688a7898344a6bafe608efe21579cfa9802f350b47e0fccc7d4b44a31d8361e906157a28ba546ed4e79dcdf8089dea0697ac62e0e96cb35b1572ddad99b8287c305510f4128ae166feb26080fca60eae600552a1b43948574e23c1a6f42bc14ab506b1801401a023bdac7278f52a97a60454655bc182635325edd9f10120b8a1ca7c4c9c65724e83531c34a03b0e25e70e22a18caa6a7192bdc719371c9acfba8bd5c05e1301edcfc424ecc48399adefd4a255f108770ecb30ac1e65870e2e0b63350410a57e12e07bbdf100a15dea3134e2ec8d0a332fe212d6e8fd04b2efe20a66fcc4694264bb121a83661d8dbdcc170c91b34a67d1dc0b550314e71ee004b4ae112bf367e09cebc86ccdca2219d1b267a84aa4ccb45baa195b6d4ac42ec528da750aca75282a81f267ee395df3495545eba0f6c1cce698188f56a57880cdf355f129566d59f4255b2de537f27f8980a79c18a8ec0a788aaea36ea10120d3b7d317e5372af1a94be7ab38be188ad70bb2233c0373100fe46738819e359842c047170000985bdc3acc24761d8fff000d96fc4e5798ac7ea7cbc62555c46b76f31cb8c416f89618225a2376717dc1bae218de6d6a994d5b00e2d8fa7c46a996db466b8ee2741b6b652ff372babe63694b38584a85f5d7c4a23f91c4c488effed89854f27f1510afef107947ed61a37ef63346b5e27cc2ad9c62ea2bddb718ad6c0ec7fa8add5b9d56d949e90d829cb9e1f3186ec728e2897497df16e0f887a5c7b0c4ceed63e2e373444ec702e5f82d94f2aae01ac41ecb2f72f205d7508c8f2561610225ed2ea1958bba6a30beba5710c8e5a5e7b8a2a43ce6252ada443915cc6f25aa2f4b983638bb7dafea583741bb744b59da64fba85ae3a6907b5a0f988d1484b16d4a5ace3b8442b80136aac11c903f342c1c84a31a3b0a863515f8143ee5b725063ccb08a238880166c770022f7df0731b7ac152e0ed5a33338a77c775a7a7646d1c28ae3ae8b6db16c796ba568a6b92c62989600ab0c178c7755f508a18e012cc203ccb2b2e8ce63938f86a5181632dd600dd8e126df2d40cfb8abd935147c5a2e609019cfe3f98153964f297fccc1a65751e93866f37ea26a35b8c069a88a73515accb79f1175f52b37ff6074e31c4a578b941eaa20a28b811c1a63d94e22c1ae398f08a6ab0caa4b2e74751310b8ccc4bbc4282b5e21e3504e43b575eb5005873d3fc3f0c40029855d91eaca837bbe310e4e899e730719e621e9fe222b85f52e973a80fdea2d32363fca5480d383f2d118510a297434d05ccabf8960f0751480b00e4fe9119ae74e6aecfa8221575fb828a75ef33478ed200f71679ab959b599f4b5bfc596fb869f46de5608497da21906fa998d76b04a745d22f444b6ad735a89c99211441dd311662d694a8ae4168713c817c4d82182fee5729f2b4e610b019c35b7fdee5758197956570ae0e00b4974ec8e50d6a955d73d46887823d5d9b6d8d67e227f5395828f4062a66b375e22165d1e31fdaafc40266b39ccc902c8f58d4142db83abac40b6c936b5065943e5dbfc4021e5200d34750904b3a96078b1b689a5926dbe5202ee67792a03ac909c2dc2d889ba44b8302a0a0ec0c3ee0350bad4b52574f7e62580c2bb22858439ddfe9186a18501a80443ff21546ba961d3b808251d46bf79606d751555266680ee0acea1e70aa458578839c988de096db122a0f3f3528629dc34bd40acef50dd66bf31d8cb8884370c6a98e5c7e65599fcc436d7a8b854315c7c0d4261468fe4cabb3e1fc544019ed0423f51ccc956bc5b3f4cc18a3e3fccfb258ff00983d0a9b17f6b2eeff00bfc2a0a7342d5f98806af3db298bb2867d1d4b21770d5fa876881867b134fb7a6617ee6201ea89558ef8979e53dc558d41066ca8ee4e36d283eee534e36bc9b60b1368ff00021280c46771c1f3070d9608d4d6f79ea51935d9c7dc1762d036fcc7b76eb20e22b735816006ef35015a36bf102a1b6c5fdc2ef101f8815b56f00ddf91f9688d6daa4346baeafa02771af325b4b7157050705de09b5a8f69122eeab092d2a209db84fb62d55577c4b2aaa85b1535cc4d2a40ff00621e5aefd57f061cabac118589d4da16eabe6536aa96bdbdc1b0b5a96a9db9992b515d8db325923d7128b97e211632c1c54af4df7d9ee08372ce5557f31abb323c0ec65a231c0b4a7f12f56b16e25d7bb951797d42d6fc42bb6196585aa6dcd42d85ec90a52b7cc76fff0028aa9eb044e0ccac6b7a946ef0440f71c77149b88b4dd972a93c4c8bcf51c60a8794bb301ee3e3477054ac4ba9d8891c6185a7ad8b0a2ade618bbcde67245619dcca98bee18c57399bbcea640e7a973ad07cefea1ea185b57dcca4056d5f3e65b74e669d0fdcb2eae3dabe20cc4077ee097dca8a88b0c28d7d19840d92841a0afea56027640c1db29ca92f2eba0825402f2e5964183456965596b0bd7a80c39e232a32577a94102bc4ba378dcbaac15b17666267dafcf04c1958bf7fd10bf63262c029e41da9798c0671418db67f084a46034f6ca0b9730a3e6052a3ccae0acc2daf51da1a5ae5dbee18b428dc665507e5990fc4b118acb0508dad9dabc7b81979f78af9e62b4b46e8e669af174845583034cbec17f304dbbf13a98a99e338943adcb5b5b9cb9aa9655386ee058a35f83bf78ff712aa63fa39483856368ecbcca5aaeb8802b0591d5c234b304b14aaeae6d0f175e63aa336fe664478e23395e61216466dc469dc0ba2f9a9613a8d17a67d656f9f997a6588ad327a96b2f2750dce08e359fe260e4596ee6cbaf99c389bc727501bc67b61c6bc4dddddf502b2941cc4c9e3b60a2eebe66cc7539bd2c57ca39aab178ea6acf1cf738db320f1718303a8a20f002930db963164a8e479ae62c27567e35d466ad68b57bb988be22587ee56cffecc77b8e0bad71dcd9c30ef1e3e0a3e2024a6b100a9941f823424a5689caf2b4f30011d895c4b81b6ad43b941405a27399e52cef7106c680e666805e2a3145aaf32b818300e65d45e2dc5f501296e09f04c401973e4b7f7165610056dcb91ba679123277b3c0706206c2d10654e35a8c25bd7581f409712aef550b01715cc18839d4a15e70907a829e878881b688e710db5838de6505a20303717462ba84775a83dc59a75cd4db19bf32cb0c3b9d051e6214b8f788452874770f8a2e80fcff18970a15b297fec7ea3e2dc67b7fb7f72e8e553f83c472b0ecad46056cd9e2530158ee15298595b57048a72cac132bbae25906afb2000519a58e060fea0ef13c5bc4cd4988efb3b9abbdea71e097aef994d9ea0775f32c0be5898ad61c1be6228633dc2ee6b1a8f347dc428a25d51c4ad63bee63ce2066ab1b961d7dc01f06699783cf70ee8a22802116871f337ebcf316b5b3f12f02dbfa9e84ce66429be2ea2a85a095586e3f3537b8782f076c48a566e38c3f9992facaddc56ea1268fb8ec0b5dc3c5f2d114851aea567402d8dc1b7310a31435b3ab99fc467711066dab98ca2a505d739e202026e852de5b38fea11ab33d4b052772c5c270bc6612fc71a8269cf8953cf98f12c4705f3690cec33f0510c62a0ab9616eaf25386ac65a82e6af5ff0090d6ce0a19525d4c52a484a1753b4a5594b0991df88e953f30dade0517286b8bcb7d4b8d560238eec41ec80744465d799670402ccad95c42b672dd29d52579cc03a512eeee2d9bc9c84c81bd7cfcc3663f3a67d852f04a2d39dbca23a9177fc406b779b6f1ff009fcc70a84f805a5fe66570b56616fea099a69f495040b0f7c4220e1fdc06577ce18f045c6121e74d9bcc11138f997d8379938460922a4b194eebea1654815fd4cdad751480dbcb3140a4fe670c40d6b111f3322d73d44377107504d5081a5054b2707b96178662b50de35ee7cd7cc78439adc2f950817c5cbf067500c54a5bb83d4a74457794f32acd562ee2a8fa8e005aba9e0aefd0450d8da76828657708800ae1cc3381ac847230a3651b0f47a80d17d47dbc13380acc7b984eb2932600f96d8d29b2bf98d08d266b994431e2ef360e88cf0af5068130145f2c0584305e45556feaa64b2c52f14e2585e93a854718e061ae26dcdc2972d9d4780af58b8dd169ba03f13163848dd826f79d4a67b30223cec0016bf44a98c56fa5525e6eeeefe60b99c0dd6b75e810ed841b0dfa7e88d4ba2bb8cad76d3e21878fccccaab5298827fb23dd0a2c3caa5cd03d4515196a17b398b9f105f51db27b31976f3f17e21f1cfb9bf73cb11de17e0975f2685886e413075fecc4d2bdc7e5f7bf8845f7edff00bcf98b57d72fee05b81d4ef3871d993d30d4a99ef362cfc474e72205dbc92988235c8cfc2695843b08665d5af88638cee32d398a1c958b648992b983c079801e66daf98bcb9816f6751bbf1167ccf15982ad5799ba98659dc00ab1de41a82864c40ac90fe6891ac57980dcc0b0a6f300d95e2d02f153d3358d7a5fd473d7a0bfa9d145ae23d8280c1dc0c457bcc4727fb8be43dcb2c10de1b005cc30d4be69ed8835166f8f50e9a2dee30006dd10c0a3535008cdde11b55cb936e43f487150f2fa41e490a99397e370f5087800a85446308a32d327c42c970cfb88911dd5fee0bb5955c3d1a2c176703b4f1ae6516010c81d8a410008030aaf132d99d4529c38cf511b80930c0292361c907c9d447d1f2376f44e03a6c7b5e7cb024a5d6aa020c64e4ea61535a335b2d68062b8948bab390a01a55b2cbbf388a46611b5e27620aea100bc921b3e82c9891e834ab3f4cad40d71ee526c739e23365544103a80b4b775054ba9d5558fe912e3634fe22015e6f11d84cc91873487c5a42fae64a8cbeef1aac44214a26374c20075f6c31cb17965ae98a8549c1a57149bfa60a8a7390e3c7de63e7d66b9ff006e10d802a76727d66101a3b8ba31f161068c4c002bbc57dfe7b20b972297fdc4b212f35e6739842c7b40ad54a3470d44a49e08c1a15b622c777882238e65f4e15d13361b599aa72c28af7dc00bbbb95928c9995cc1c8383752c05c64fa8c8b7c6658d5663b4be7511252b3926c8dc66c2f00b8f0b7ea1b133c044aaef1c306847291ae68afee0823337c85f88fc7b35407d910ee7b8afa62462b48680040701fdd0ae41c0cbc70452dfb854942633b228b36d93e639f23417fc4aab74a4b6eeaa1290de0f0ca9f9be7c513430932990c3c98d99406f98ebc0da8b315b8edadd54615150a106a9af1048b78d4dd14b1abc34658a5ff006b03ca9c9c16d8653caad87458f01f2c356175ac485f3c4b9225e6070589d6e22aac6923ad95a1df7e66cb9af33161e4fd12b25832d7001a7aacc7369b134b2d8c9778d47db468c2d1cd9bba534acabc88f1202788590384cce869a28986854bed031607354670c410e85f4446356272cca0a798377943b628215d5425092e4ad896b9d7ba8b5b5d91d3fbee64c19ee2be4ba8499703937ff23115eee315340b1ea18050cf33cc00db378be65c95d1b99100c0df8e1fc9f50d06ac12ff000c0aa2871fefb82b5b46bd7fcb963d7c366611a0440a6eef0fbb03d87714299b34d7b3fdd4065b4082ab19dcb2576f38fee2915aeb1c1a666017acc5578316f6e232e7231f46274d5c7c3c6e243dea592b36cb5372dcde65af3960fc4ecc72da4daee02b81e6e0b9c40224c15ea1447a856603003066593405608b491a56b5da11a42bed96e03255e080fcbda1cc37c75530110009c5ac9c7e274b4b7886145184bb94d8a9756ea3707549a7c30ea94a4ced8aa264e27999314b65544cc17885b07c1b86d4d44b78cb811a8283c4786c2d65d2acabd71198794331c41d2e50d2baac45a7745db32a7c52cbe1b947ae6e90fa4b46436bccc60129b8b2fe5cb2acf586bc5c3326432c46c079d4314afb88ca0d34b06be1421185a0ad1cd0454c46bb266d1615840dc01a6744052b686dc568a9947318b55bf9b75050a80041792c9dd27dc47540ac6843b0087657316d8a385e2220f1f7cb3fc7e5070e55af1c454d1975dcd06f72e0b772f45389d8ff00884840723d3ee294c5bb04a7ccb1dae7579fa3fb84470672e167b740622b6ac0e4d591d785772ba4c055669ea1512ac7165cce2c4779f967017de778ff00c7e279338cfe65cf3acf3118a4af8ace7e2e54eacbb349479c842e31252c7c7f1ee99899f29bf8e3ff001cc176c947f460943403d332e56ac6aa03b08acea3a0b1e62a3ba8d7774c3f5f303a9c42d15a895578877572caf2ddcc07397503cea38dc7c73dcc758bddcc70f98d5ffc81d51139e886972eb751c803061559f98154e26742d2006e55d197f8a211565e4659168026ce23825286f882385baaaab5e0e595c60575543deffd88eb1562d93cc134058301433a84ac9a66ef172907281b61866f1825aa0581b9a48e8103d4405622a0be02028d42d8fccce2d4f80dc4154ffc8f5b7813a02212f04c208f07043c0104a58de4a1fe658232b8216288c0d999916f8dbc4a0dde07e6502b674cdec9dce1bb2138c74bdae8e4ae78cca7598b8c36b5e7032b5b00585964d8eeed959f0002167c22cf4679947030077913158df6456f0b16242e76e4df2cb09353b4d65ce940ea3e45f31d1d9e7d41aa013cae5b6140e6a54ab369d6194c2a76c5e8a79662f2071cccb0c0d79be608bd0b5441d95af4d4a404267d40b32a2f2fea99f4a3ad4d8286effdd4a08d3ef5d91edaf4fb8cc589e42a3f99768c330a06fe7888da21d777fc3a99f24a68daff00db2fd8f7350b3627367fbe2b9231818e0eff009824da0138f719d037b5ecec82b4aa973c75706d407a8100b25e2d66150aa85de963d938c4d29545ec9b27ccac37f0cd2af24baf4c0f5140e6e097ee0b545c1e2d83c246bb941667acc2aabb0e662e6858ed4ac0f284aa51d7997079de712ef0e72940be37148b84aa59ac437e70013b920383fec0830e1f095500da155ddc352955a80ffd9636045cba254100a6aae6960ff5434575a0c38e2348a1efcf6c4af1dce56d373797ede221ba3f142acae2340c40b1e8440dad69b82476b04620a33789d7cc142e5a8421e22255e7c43768b25c180d139f58952f028efbccbbe3af73035dc496db98978a6f8c71cc05c465a85617c38c3dd788de97a6f95ab496aded63151228ad5d1757d60fa896120cab8da70b8a2dc6610d15a2050674baad2e6e381c81f17ff232058259016c2bc38ea0c04bc3ee61335e33c41a3255f79995c49bdb8c770f055728e23cc56e8a9bfb65bc862bcca40294ab652fc67ea06a86aa39c1886eb6bd556e29ce792e2250be3d7fe7ea54918abf5dfe61c8e443c0dbf48b1e5c718e3bfad915b4975a2eccf1f24bd43db579dfcd7d9e676ac5b33e71d5ece388df156f7787af2f9e6888d61c11974c9e416556b6dc311e87904c9bccbf5897767a96da44b2aeae2ea997777df11cb78a821adb1a55c6ef3919a5abf10d29fb98acdfb80de0f926a79c53285d71d4a3789bcfe6050c646aba81404507041bdba6a6ab8a724123b01f78fe623ae3f7e60c00445dfb84f66d97770aa83a44628dd84d4baa2b8d818fd156712fcc7a0dc8347b8341a12c09a2b98ddb4bad3cb059fe48edf10e68a0e8842eb89405fe260d5f95b9516e3a8e8795ccab9b370e1762afb97a6782b6cb37b36af32e2dff00b33078801bad41664abdf88055be2e54ad6366baa856f042cb2c55aad6265e588aa853be5c403b82464d14e9028f0d31a10103495e019f2c3932b410f2814fdcaedbcba90a9d9b2f77152de473d4aac8dad547532df89622d56e0a6b1646882144c6f6e5cca8246be58820b8a326b12e0b79f1731d2c53f3153323f945b676329b9860f1141bc8dd7306b412d6ab1f7895c0575cb101435e7f9ff753e47fcff32f54e953f72c8239bd0eafeff71965d52f3b0ff95531c09c89fb3f986ea6c70deb3fdcd9a628bcdba3e9c3e198e0c0227d129a4e00a99081ab9ce7519bdba57938836589feff00d9ba26003ee16a97b9cfc4b8d5e638b2354d6ee703ca657cbd47cd7a8df7294b7f13aee5262b7886692e8c7d418bfe27a623accbd1f72ec4601cacb996e5f2b8f88652d8e597474141c4afe2116ad257667f8843051bc85caaa2d2e7a307dc1f632617a32fc42a105b041ee1eb7ed2d5bd2cd3f57ede08a31e99cbdc0214c23201b0b945984aac7f72b280721bf0400800000ea397589d3fe659adfcb3cb14313ab2133ac9e61dc6f45c746e4314c140a12df70b6f8eff0097ee1a56f2c12283d732800330ed0f3b8e8f03d7ea5dbfa3a25081ef45c0b92770cb4a39950af666a5eee6beec57d994c388d91c5b2d14ae12d3a63c86d2d956fc4b75394dbba0eead7dc4f955ca52daf6dd6fc4a05fe4088cf388ae18c0ada27d5b38746f889d75fecca01d3e58785c5cae4c71cc0365ab883babe931d19aafcc2f8b888daa6f311b00b981d0bc6751dbabee0d42b155dc65aa0339164f8d934ee8ac571e252a841fb95379ef073304da7f5bfc46945d2bf9fbfe6301962cfac2fb80572d35d872fb238da3749df8f4c1e8da573c70df9d3e6a02f2ec5556ce6cfbc71000a22f5dd018f67fdea58651166f3fcfb8db592eca4010b305a08dc71a788c5e65741ee582d2f71f596747ea14b1a3dc2f183143dbe20d32dbe661a4af88aeb1e660642a38e0e772e6ecfe65fa6288a7d412e0a3d4f097c43cf9b0b6f318035d93f91324b313532fa975c61c2714ee066a8bd6cece9e18cb55e19cd92a00c85d715fcc6b19e052f7f77c42afe5a0dfba97d744b507a0c464df2cae2e0195de29818c3de1f4f10c0001401552e92fea1baabb654f5553e58f6250efb9ebaaa5556c318a9966e188d1ad665ce0b8a6ce5f2c038c2d101a1b203c1e6e2d16e2a0ae53b4e8668dc05e0e7cb0ba0254a1b438896cac7077cca1d28606f687bfbcf8966ec5551f416b7f225cb468dd16e31b7aa84008bf6e32cf063c1809a779c8070d9675d12c64209b33355822b783b8a02d5922ad5632bf447165dd732e158b7896517ea5ccaadebc44ad5e66aab25fa5e0216d3d61888b7671b82c6b01e605e9f3290b9342462aae7ea5f023f350c20bbb7867f9106c25af8ff77f886d3de62079a4a9d2ce07be4fe484324b6179a7f3a8a876f37cbcfc3fb9725375597f7ea5e0e560e838f67104221591d37bf877e25e16376de3f87ea60ee206f197be0bfab2309d4d7f1dff0050561b3264fb8b9e0370fb88a2de8d7fecbb58dcec4375caac7f32f81df504319f11827bc4401fcdc72e1844c3a61473894c4e2611bdf152eb15f994588171ec1cc6371a0c172e68b78698a7401c1ff62c54d315f89a0d8d752d77dcb31305d05163ee59ba3932ff00509552b2d45e5565f440b02c6dd16a1f170b0b2ad964b32abe02dfc478033c08e020c8260fa850a045dd2b3033d4b3ddf133bee0f3c9fe22ddf1c4a17d5fe6664ef9f32aed9f3a180a8ec8a98ae5fe08037c65b212a8af38882e71004c73ccaf27d43e2f32b469d7a940d0a0cee5f817e616258e88c985870c698f7975dcde55feb79ee14b518f42c7d55fb8fc8b8d4806aaa5bd5ab7cc6c3ea5882ec168d980d54752d9d1005c542d1e7300dcd20e5b66e8638b8f601853ce3fa8ad9e7c6a25a39efb9d66494c8d2dcc94b9cb016d8f1dca80c2e042f25ea0a66ef9e6016d76b750a9c0c9b98f8dff00505ade1e6a5325f563a81a569f4d646cac12b549afe21a4a73feff007ccba781653dca990f0bdf0ffbb87440a6ba02efe3f8945c355fad9f10aad2b155c37c7a60b102b0fefe35360f1c7e53f9881d88b1796f0fde18415822b385f7d95b86cbd0ed9a73eeb55bd247b204a7adfc9e364725c143ac6223086de21852b9e588028f2ec61a04bbbd91d3b63c752800c6a88069df51729531d6f7b82f0bf9855cb89532cb7719ff002146069ccbc388df981a6ea56b7994bc4adf7a8bc001bcbdcae7a396044d84a6432461a6db314437438f31d0e9d10c0c57a960ba6b392e38644f72c643e4303c78c53f50a3053cc5b82dea3789cbe2305d13f47f71594b59bed82ecb03712d2b2188e5db598d68c359e4b43345d6dff8a880a282c0618e65ee8616a381c4a8011db6a894aaa2a3a4cdbf881ababafdff00995d9777b9982bbe6600e28cdc6305d0d85dfc5475642196ee886c53578a21fcc7316d6e015b80ebb08393e6c46aa5ac01d288e62d60f0549e8082f38676193e58005496fdb7f52ebaa3cc470d18ccabd8eb3dcd806dfa9555c21de384f5289b4e1d46da5592e29685f79980dffec0b393f7710dd945de4b960677d8cc4a197512a1f0db32b62b3fce03f705429455c79474e221a30583e3b99a002f38f1fbfc337648cf9e1f6386068d0707e43f644546ddbdd6fe48cbbc4d3b6bfa9601aaeab7666bd99f64a7d116effcd77e18aa4294f5f0bc270ca22d5f6efacfeafa6e3a30d688fdff00bf883db1563645ab6d8cd545b6653364210aee33365b8471661b73f3d4532ddd458c30ea6429dc53924b5a712bde4861c81ef713bcb16b5d41e6dd4d7cfa9490e37b7b88c067396655d11506b32ed555c0355c7370cfeae0c96dc12c6e001a2f3b960efe20977894aadd4d7bf72c2b092f4101e0d799e44c84e9479d11291c8e656839ea60fc1995d6a210ca0cf64305f90c1f03603b829cce66ae0f2e256868f7100cde2c222ab6e863541b59a9abab8a86ab7989542c2ba52dfe25aca9835ba95b2c0b29eceb31d35754bbbba05df3ef999d6957b15c203bba6a1416f917e264bf4e2fc8451fb0e83fa81a724783f84f88031afce1fe674352eaefbd41e4e2aa22a56ff70581cb10e307ea31684a088171e6bf71ad460df8c4a128e62e397f88239c3a96196b8623eb4ff62616591b3dc1a6202bda50fc59300a91a2e1a462adc5cb2aec2d40abff00d8142a35fa7e2c8836d8e2f9c633e4df9259cb01cf5c3f1cc6d98d9fec7f32e0e8d5af1d3296928b1ecd7eff0071d9056cf01a7e3492b096ac3678f87be25c164a2f2807f1af34cf402c0be35fc9e31c42e714c9c9ddf27e48af10349c9c24a46c258b034898de25c21798e87814c4a6bee272662c2f99e6395bdfb983b826ea6065cca1bc7d46d1c7f1338bccd1779952a712d04c62ae312dd19f737d52c345d64c4a82d9f30b0c2889c54bdde19bce482d5dc0a31d4db2579870b4f10df350be697ccf95632903381d4b1974657a225f07d0e08eeebc420995a2e752a4c0fccb146cae21b3922b784b466a1c6f82a28b31566c0747302c99d155701054e282561e1ab12cec9784cc81e8583b56a638b4880b5d20994cdc68a0e2a57540a01df6c05b0a4e077314c0ce6a82ddf1adb896216af3bacfd401a21729e85d11bcd5a9914151d4b9024f0a50dfb351da3b176a2afab67499038a27f130c871172136ee181e3529ff00772e84619af702a0e0f316ddd992f8f11d55ff0017fa88acc3bc32d6217e66e6871dcbb56b387fb4f88c0159eb980834a5d8a5d9748d9f90840a14574831a614f09e1942eeab2ebff251add92bfdc30e55ec519b369fcc36b637af3e7d3a957369e78e9fe21a84bbe58f67cca96c51715c8e7d9f92082dc186dfe3cc67400b116fcbf2e201d6ed69bffd37e997dac40deaaf267a763c3054dada836e37eff704052270d8ff00bee7401b7f50acfa4a2d66069647090fa3a44d67dcc1dc2c64f70c04c40d6e575b997315ea3ec821887abe266e00bd106286a1716fe27ce3a15a99d5982556df960796e50187ccb99abe37b98718835d8e618bea529ab39615a99a197e6618cafea1b3e269c9c9fe3ee2a0ac8d6d23ca181ee05cfdc75e77808704c39b978b8429613c838eb4b6282200ab4e6f508d65d65b94b45657dcccc69aa6358ad1e3a950b15d74432e1af328d0d09f53135258bd933ceaeb533791960eaadcb8bf78847dd663ca7f997414edb96506c2af70a16399b6fe6000dde073609705b465d04fb88500f1f311792aa2d213002397ea67f294297774de0ce62150d1c62bd44485b316a0ff007c7b8cad6c87182382d6e9cdc52871f997834cd56bfec58425b5ac2f3c7cdc6e40adf04fe1cf50f14e2693e7dc7b9b4b7963f092c2acae43d46b4ab467c5ff0012d5eef7d7fec06d662afc711e2f6990e384fbcc6d3cfeddfdc368a7142f5c3fc32c410cdfadbed5f0ccdd85933a1e4f4c33dd42dd1c7c8d7c3311000b0cef7ec7f1300d37e8bcfc1d9d4423630672f8f66bd916c429c262fbaebf50b7828bdde26c61ea20b782703ebe26a174b62c5b7352faea0f9947178efa81a332976be6a68ce6251b3129ae2e1c31ee234665ab36c2a356a631095df977334de789ab5a977697b6352cd5d240c535e2675e500f0be6501745746a50e15e614719c4cf3292af5014f8e255d811e2da39a8cb1a38ba63fefccb0844cc365036f0fb23182de7b95b1ac41407751dae0aee25d886d5cc112acd80bc4321ae266b3f50a8a37d751067eb898b6b359a80a7e0107658ca0ac6f551c8470dc6e9c561772d085296f5d1327cd9b252c6af10d8601cd7cc2b6355cc585b7dcaaeab2fe661f1c9f405f8504ed0afb8f9d8cdb6f179af35104e5eb888bad9965974fa8aac6665b7081c4a93c731c214ae87f2edfc7b95eb586d373d9e2aa25a9c59c4a1939fa9411b6f6f732d2b67f3f32c5bc02fb95ce1572873577c3e48683012aa838eb0ce98a38db8d54ce968717783fdfcca27418ef12c26905e176f3f8a8542a8afcba96481c537d7fc9c55d98edacfd9988a96d1d6b0fc989b0f1aad9c9f1136f3e5e984f64b50839b718fe0986674684cbeff00911d59159387fabfdc7c179bcf3ecfe63ccceec75c091150415e6b3160a74ceeea706bc7a8e77ff9008529738128a4d71116ce25d0172f643ab982f2b2d651150c810ac75996b00ed9725a04aefbbeff0011d74023716ba2d80fb968fc1575465f345f98826d095595b68b19565d22050d60974cc0c26ce23128b3e2197f0cd4becaeb1079606b3a85a6fe20d39ac75295b3516a404b7949417ce1bf37cfc4c09c56658db575ae6540e7fb950ad1366c94a2f2b3bb8762daf3a213769a3a252d5254c06fd1125fc37394be0fe52826fcf72a0aa2ad6a622b573025badb3123360682180f19828428b03ee31a8d82c2aaf22d070f988079a95c01aea606ec3e098d887f7296520d8602739256132b9a940ebdb8a501f965ca3815729571c4a528b5dc6e8db7882bbe5701540f7cca3a37f9a96d6b129767178813050fcb1220a637e73100d705ef99823161cbc544a72a59f705eaa2c38a61ae46376a0bfde9f304b4a05969bcff00e46869318a792003856f839e250c5e70887d2caaec5d85f0ff00511d8b6af1afd4b5360c52fd1f9c3101639fb1793d9b2301e9f2e22ce02acac35fd8e7e62d729758acbc7a77333865af57bf631c060fb7b3f925606f955fb7865dac20e21103b3f102c2cf1c4046caaccbf854568561f1f53358bcee19f0cac6f10ceb1ee363950891cedcc6fcd4c8eb1ea193a5f3048d95ea3c695c6e5c06ec428ba0db7881c7adf647809746b5b185da5e5d4bcfc0fb633d8b63402daf0fe22da9a7ee81614f6c78d05930dbd74638a65d3003615e1e3f99b13156078cca7a89b845af05b9cf040ba490b2ea9fc37dcd6e45905001f152e00a0f2e5a687c5b0598842730f5a7ccd6d86f58608ecf985979da7d1e2305eb08c3bb3f920bc94f2420b3ed6701f20cc99a296d8310bd59294c0715c4000e33ee588dad26f458c441b3d411a0b0d4b0c9e673396a88c18e717518459185cb2bfc425430fea656b05f6ec1a4c0d2f2be330503b6adb81938b99b59fda54d2eb512c8dfb8eb12be951fcccb8187a894e9937a37f772945e2506c29c40d9c6b137e70b67896ed25df530a0aace22192bc92db38de2bf3320d8c21c1664dbc9cf11d81c30c446535cd1b8e00a0de778957c982ff98f381e762c3f15f30135357c25ff00cf88b9354722c5b555b5361352397e3cd4cc6d7c61e7fec24ad828f5c7d42b9e4aa1c3d9fc91b661af0be07e996d8146c75c9fccb0af2b5357dfa63a0ac855f57af646ee3f5fe4970a5d07921df920629297d9dfb8326b673cff00c6705972b7c7335cb071644562bca4651a1373098bb88f5073accbddce16174ae7e60f8c31d34c32de333db2cae7d7531609f319a54119ba07729609552083e69cfc42bc233cbb97d195796079d8c5da1d04a1e39316d1f67c196ee08891efd96f444145b838c05af98a117a59b6f3e615eaa221064757746b980a0d181cad03e45ddde5895ea29b762ffc7e25c2e08e002afa2e8e23115b203cc78daaf150b040a156e4f2b985b9fc4e4a85837015ad99ee0b55cacad4c56fa565fe25d74a269ec798aac01ddc7288c9c33360b2abac5cce6f74452ce01a836dd0bd45c86adbea59a729599b5154db77328a47fe4a6c7f24bdef8213645d9898ddad597289f53111ba5985aa2d9349acec62c035aa852c398d39f59d3065f2c12c4c8d84c8be0bb440c6683511c7714339ac4b0ab4d57f702c69e6a0b815b4e2025b8228ae067e21abf728ae10cd6e2b28eba260133e4f31f6cb968e7a99e5e0b8a4bbe19423d3a97e85c9f31f69690f17771eb00afee3e2d96e2ed72113bf147f5fb3e254e2d78cdeb0328ab17c63fda8f2a05f25e3a7f1082c51bb1902173a0aebbb727dc760b815fc3fc31a4bce62dd727c318b3a5b78f0fce98950be0563bf8710197359073e4f528c6daaff0049007d18ff0075345bc2b9097d28992bb21887159e62a40e08a9c66154f999cd57cc6dea1a71f9986b70b6ebf31b0c4bb2d2e37e98f9cdf30c143a887009ca53b3a7cc2a8a42be9bdf502d4d0a80eaba8e6d36ee2decc1c5ca8627700c0747f72a8a9a912d5e3dd43667368ae03dd1129411a40016d6f114958aa539f36e86f72d881b54d4556eadabfa20d002c0ad60fb65abd47620afbc1e020f3fc318e5e89fba8616588acf11539b8f832cedbfc0443cbdc0db5535b6646e5c87697fd59b8bbbb328fa48e0deb95946b4623b29fd25cdd68cb2c21a5cfa89689dd4baeabe95284976b5f12d4a2dab2e2557689dc4192b4d4000cb56fa8da1e0ab78cb2e71f21a5fcd37e4c6266d5f32d7c54aceb307bbc66232cd7336973fe7fe6048b80bc666aa551798868143375899317ba9bf6a8c5c15d0f38ea1132a19a956c8b544d2335a9831771afcdf52e72731e31c3118a5b32e4cd8383b990d356e0b318066844f3192d19fc4fea395a2229ab4b2ecdfbff798456be5d7b8f6c2dc9e63baa40b33cd712e0a20db56efb3d4e035015c75fda36fcacf3c9fc93926cd1fcbfb966858c01f93f98655c54deefa1e609854e5d1e7d4cd46256c8a131e5ce7ccc5a9b28849ad2d3de25aefd31e5757a25a4aa53acc1d77b96c6d3dcc514c71a6265b3733abaf734f32ef8c6f70f51256d5392ee5c01a6b35390f7895a582b7d4034ad7ad40d558f506b2a7789615b6fa180bba47be581ecc5146f79ab8a4501790a5c31296336820adeedef8825073e02822a6a8c4c9ba97a11a69c4cabc15e596a1cc156739cf88c14eaccc17847baff7770dc092a56832fec96877c764d17f1081a5eee0a5928d6258579eab508caa64af2fb974525355c56e6ba5baf0cc4076d5c30b590ebb971ab6b56ab3fc4f9b1179cbbe77be4a8b8cb5d2e185bab8b78badc39c5ca20d5ee3ae368f1ed1195a2d113a8ebb86081a54b868552be61e42b8afe22daa69aee310097d90889b00e4c7c41a5a0e214e364baf9ae2642ec1b895e2b7128afaf89642c96ebf519b7067c41ace5b275315cdcc0300a613865922c299475f447ec8ee3c81e2bfdf985516b1f79ff112adecf59ffd20858e43567d93626eb0f5d459028c8178e4f0c63856030fc3e7a8c69ef1c79251f058bfa3f1a9a027355a7fa6541d1cb8f6888ba68e7d4a15290e32ff00625b836e3fe41223576d41ab19372b164e2bf32f35fa8e7ee38aee613170b2558539e6e7cfcce74d41dc2b18652fd4a056c2b0c2d17bd62e7036bc31e56df64bad887e23504cd4cf7eea0ee9bf5c4785eb7986b1fa83940170ae2501b82e189638c41777f98b8dd07896a656f703b7a2a11012f399894b8d63fdee5b056ebebfd72817c776b2fe2a5550871f7986c98c54a0a7255cb5a59685f52f555160ade5f73137839871dd6a3a3c0dc6c0abcff170bd031fdcd4d462e4e0ca27073b9b4580ab28031e23a51826af0950ce1b6368cfe22e513d4df0f8b87736afd29de9f1889456a66a4bae637080aa96d0b2ac88dd9f72a94c9ccb0204682bc6b1113f32aca66e21dda1e63533466ae0c25ab7e49722c1ccabd2c2c775862311017912b62dadbce29fdfe222e1f577553e066232df16febf300fed225642e7ff0060a5f0e9ac1e63703b01a6fa7dcc6440e5d2f98e180d5a2d8bfed2856ed69b3fb816abb9f0f5e98c6ee2b6e438f66e3a89932d6ce2536395aebf112f441e3d7fc94bd15943fda8a9e57730a979b33ee2766a514dd43eaa50eccb396e3f539c9105c663e76435444c4abb78750f7adc0ea0e6ae140d5d4b59dbc91945b76c0f3f588ec36fab8d7036b403ab9532f7ccbd6af8dc1035e2e307960b5abcc5716f788d8c3c3105b7a94e36687b71000b23d4bf252586f2e2fb964b566ffdee63ed95fbc7ea26b2d65f2e58abed33a15342cdc57b8ce5ad4f2752f6262f4c000defa98f4a63d45b39cc057257980b6b0b79cb3002a815d3734101e45edac6783f9c4138b25145df51eb459f83c91dd2b8f32d40d73356d2c79e0d9fb91abad1a61745c02e1c5c45ab7ff9063a2c6b133e77a8db0ac78375e399428eeee66034df5041765c453d5efcca038bbe6a623934deb11ed5cdc3006d4a7c42d8e4ae7b88a4aa1be37282a279e229eb414f38bfb40050a51791315f715d9303884e82c73e3a97e43194effc4a8cad3f8e18a92eaecd1c5ec990655a5e5e0fb3505993674f6ecf4ca29c6ca3d5ebd91eeead5a7e1fee200dde0e2f989799aca9af8ea08530c1e6dd79259b0065cee568605b0eff00a8c6ae141e67366e6f738d54e4de651312bc44d530287cf531ad54d68b1e671b22d18b9596a8a6a241c94f12953cc16a18d21f332036130518b1988b17074533ccc0c0f712e871e25ae17732738cea210a75502b3bbd4bad5667f5039c2ab9e63570d42b05820e76717f863e5ef5183f7fa8402e8de23c8d88f7cb11c04c432c2faf72a450e9e202975abee02c4148cbee656d5d661aa32b7f897781a6643c4d5dc4aa0b7091416cb62cb7e1d51e23b45daed7c7feca20d472d6bfb880796ead772f6350defe61568f36fc880726ff0098379179d75339a083067e388316eef4437a60cbbff107070eaa364ce215ae361696de3d4b0a38f3187fd4a85497a75390e1c32d79c3638884a2e84e082197a84585435fcc25212a97aa80a5ad99b0cfe18f8998a7ba7128b39dd5ff00bdc10387376febd44cd0d34e17af988d834d7270cbb942f38f9d7ea602a34df6d7fc948942bbc629efd32bccd20703c952c8094d2f7c417dabbdbf2308db0599e3c7a9da69951186a8a4c9b5e58e4ac5403bfe661f350afa45ff0093930cbc17bf10de7f13e33ccf535a98abaaf31a6a29a80fdca27c96ee52be5e601542bf5090bf16c377497000295b326225b2a2f454af4fdc014cfb8adb97b377e3a80193194daf5322d5bc4c40b0a3fdf30287aa96b5ddcdb7902b3e255829cd015feea6592cc1d1b7eee62cedbbdcd070e42f11f1c33062b7944526288d7665bca58b1b2b11d766c8a9c70aa9915eaa258560bfcc3e9e14c151eda86b070373a0c3f636930d2f3dc74fb23d93388314550671143441b3927be1662b6585c1a00bf10478ae600f1ac51394d65d75297ce3a945ba8030b95638d47b7dd1a9d2f1497109edd110e4792e50e5a286610b096386f506abba5bfa889bb45e1882d0c167b9ba8875702df87dd9994853b381e5f771cd174cb8802c82e923d8543a0b8740d3b8f93961a23436a96be3b8ecb37df7d4b2e91c0e1eb93e26e0c62fbe995162de977e25432b656787f72e8b552afb80c0bbd312c72b0e7b970b6ebb898f5c43159e66f0242acc0c42eb0457379799ccd8b2fe6628e25d72cabeee3a2a39436878b966eb0a3640d9a44a145b2b4c0bfa98879adc7e66e519d12955c45a80e6cf5297441931789a2b84717989b7cf506c91569ea09db89421654abd3b88c4b759db58fcb05142a6895dd57cf188945e32935f0377dc1553064bfc455b53c41069c5435eb168e62e2aee0142d665d71c6a500c0da8be0f363788168e2b2e7df2d42511a6d6ef20f09f6b98589aea080e6bd45afd5f13ece8dc53356dc1ed9ca17701b5b28b6658d3567997b5550e462af70c1765f344578358d318656bdcab6b7e6603aaac445d5ee570805fb95b7e912cae5c57cc748162df4e25aced4344a9d1bdfa21431c883c408432dab8c40385eeabe25e858e06fce200d82ac70086f0365c682cfa6e21869bb2a1536b4c39cbea29964a5d8e488a24c057f644af0e33ba7862b61c716fb197af97b877554caab9ec8f62d82e3f31955d9c3e20a451c29e20f0c1571f77dc4f1915981e4f330917ba943783ea0d73f50cef1105a421bbceae98673a9bde6e168567d40d6f4732e015cc7b2edf12edd6e3a1a082c1e21c0cc508cd3cccc3ee2d3c4fc137f88060a9474623636017ed8582e0a9ee3c5d1ffb7fdcc8b47fae138533e91aaff79d31fdb5f885e15173c46ace724c030cd4529c6a1d3c6a3776cc4392287132c07f880e6ac84005d9d963915538590396f72a2d00f6bb9835d46de6554bc6149d662bcf241a5b5011a6ff0048d197350b0838a8646799c9466551bce655bbc452c733256f336029ff009139d6789b3c9730306bf89636841261a73160aa678f3193bafea386746fea2a34109c4b9ab704d36da7300926a307ceea12d6fcbb882608e26537912a5c56b03f52f268b81ab2679cc617167c184e4c2915b619892e3488786a50d343cc2d9714ae29631363cc399aaee2e3455cdbf5308acc4db0e8c4a54713818ac54ad4ffd9);
INSERT INTO `users` (`id_user`, `nama`, `username`, `password`, `role`, `created_at`, `photo`) VALUES
(2, 'zaimelyafi', 'zaimel', 'zaimel123', 'admin', '2025-09-29 15:15:12', NULL),
(4, 'test1', 'test', 'test123', 'kasir', '2025-10-14 08:29:50', NULL),
(5, 'Ivan', 'StevanR', 'StevanR', 'kasir', '2025-12-01 13:05:22', NULL),
(7, 'Ivan', 'Stevan_R', 'admin123', 'admin', '2025-12-01 23:40:34', NULL);

--
-- Indexes for dumped tables
--

--
-- Indeks untuk tabel `detail_transaksi`
--
ALTER TABLE `detail_transaksi`
  ADD PRIMARY KEY (`id_detail`),
  ADD KEY `id_transaksi` (`id_transaksi`),
  ADD KEY `id_produk` (`id_produk`);

--
-- Indeks untuk tabel `kategori_produk`
--
ALTER TABLE `kategori_produk`
  ADD PRIMARY KEY (`id_kategori`);

--
-- Indeks untuk tabel `log_stok`
--
ALTER TABLE `log_stok`
  ADD PRIMARY KEY (`id_log`),
  ADD KEY `id_produk` (`id_produk`);

--
-- Indeks untuk tabel `produk`
--
ALTER TABLE `produk`
  ADD PRIMARY KEY (`id_produk`),
  ADD KEY `id_kategori` (`id_kategori`),
  ADD KEY `produk_ibfk_2` (`id_supplier`);

--
-- Indeks untuk tabel `supplier`
--
ALTER TABLE `supplier`
  ADD PRIMARY KEY (`id_supplier`);

--
-- Indeks untuk tabel `transaksi`
--
ALTER TABLE `transaksi`
  ADD PRIMARY KEY (`id_transaksi`),
  ADD KEY `id_user` (`id_user`),
  ADD KEY `id_pelanggan` (`id_pelanggan`);

--
-- Indeks untuk tabel `users`
--
ALTER TABLE `users`
  ADD PRIMARY KEY (`id_user`),
  ADD UNIQUE KEY `username` (`username`);

--
-- AUTO_INCREMENT untuk tabel yang dibuang
--

--
-- AUTO_INCREMENT untuk tabel `detail_transaksi`
--
ALTER TABLE `detail_transaksi`
  MODIFY `id_detail` int(11) NOT NULL AUTO_INCREMENT, AUTO_INCREMENT=8;

--
-- AUTO_INCREMENT untuk tabel `kategori_produk`
--
ALTER TABLE `kategori_produk`
  MODIFY `id_kategori` int(11) NOT NULL AUTO_INCREMENT, AUTO_INCREMENT=11;

--
-- AUTO_INCREMENT untuk tabel `log_stok`
--
ALTER TABLE `log_stok`
  MODIFY `id_log` int(11) NOT NULL AUTO_INCREMENT, AUTO_INCREMENT=8;

--
-- AUTO_INCREMENT untuk tabel `produk`
--
ALTER TABLE `produk`
  MODIFY `id_produk` int(11) NOT NULL AUTO_INCREMENT, AUTO_INCREMENT=84;

--
-- AUTO_INCREMENT untuk tabel `supplier`
--
ALTER TABLE `supplier`
  MODIFY `id_supplier` int(11) NOT NULL AUTO_INCREMENT;

--
-- AUTO_INCREMENT untuk tabel `transaksi`
--
ALTER TABLE `transaksi`
  MODIFY `id_transaksi` int(11) NOT NULL AUTO_INCREMENT, AUTO_INCREMENT=7;

--
-- AUTO_INCREMENT untuk tabel `users`
--
ALTER TABLE `users`
  MODIFY `id_user` int(11) NOT NULL AUTO_INCREMENT, AUTO_INCREMENT=8;

--
-- Ketidakleluasaan untuk tabel pelimpahan (Dumped Tables)
--

--
-- Ketidakleluasaan untuk tabel `detail_transaksi`
--
ALTER TABLE `detail_transaksi`
  ADD CONSTRAINT `detail_transaksi_ibfk_1` FOREIGN KEY (`id_transaksi`) REFERENCES `transaksi` (`id_transaksi`),
  ADD CONSTRAINT `detail_transaksi_ibfk_2` FOREIGN KEY (`id_produk`) REFERENCES `produk` (`id_produk`);

--
-- Ketidakleluasaan untuk tabel `log_stok`
--
ALTER TABLE `log_stok`
  ADD CONSTRAINT `log_stok_ibfk_1` FOREIGN KEY (`id_produk`) REFERENCES `produk` (`id_produk`);

--
-- Ketidakleluasaan untuk tabel `produk`
--
ALTER TABLE `produk`
  ADD CONSTRAINT `produk_ibfk_1` FOREIGN KEY (`id_kategori`) REFERENCES `kategori_produk` (`id_kategori`),
  ADD CONSTRAINT `produk_ibfk_2` FOREIGN KEY (`id_supplier`) REFERENCES `supplier` (`id_supplier`);

--
-- Ketidakleluasaan untuk tabel `transaksi`
--
ALTER TABLE `transaksi`
  ADD CONSTRAINT `transaksi_ibfk_1` FOREIGN KEY (`id_user`) REFERENCES `users` (`id_user`);
COMMIT;

/*!40101 SET CHARACTER_SET_CLIENT=@OLD_CHARACTER_SET_CLIENT */;
/*!40101 SET CHARACTER_SET_RESULTS=@OLD_CHARACTER_SET_RESULTS */;
/*!40101 SET COLLATION_CONNECTION=@OLD_COLLATION_CONNECTION */;
